Source,Target,Type,Id,Label,Weight
0,1,Directed,0,,0.00468
2,3,Directed,1,,0.00518
4,5,Directed,2,,0.00518
6,7,Directed,3,,0.00518
8,9,Directed,4,,0.00518
10,11,Directed,5,,0.00518
12,13,Directed,6,,0.00518
14,15,Directed,7,,0.00518
16,17,Directed,8,,0.00518
18,19,Directed,9,,0.00518
20,21,Directed,10,,0.00518
22,23,Directed,11,,0.00518
24,25,Directed,12,,0.00518
26,27,Directed,13,,0.00518
28,29,Directed,14,,0.00518
30,31,Directed,15,,0.00518
32,33,Directed,16,,0.00518
34,35,Directed,17,,0.004978
34,36,Directed,18,,0.002467
34,34,Directed,19,,64.765197
37,38,Directed,20,,0.002053
37,37,Directed,21,,0.002435
37,638,Directed,22,,0.02
37,639,Directed,23,,0.0162
37,893,Directed,24,,0.00838
37,894,Directed,25,,0.164929
37,895,Directed,26,,0.014
37,1190,Directed,27,,0.01
39,40,Directed,28,,0.999945
41,42,Directed,29,,0.006696
43,44,Directed,30,,0.000477
43,43,Directed,31,,0.124794
43,519,Directed,32,,0.000487
45,46,Directed,33,,0.002
45,45,Directed,34,,0.014476
45,47,Directed,35,,89
45,50,Directed,36,,0.000691
45,290,Directed,37,,0.001153
45,291,Directed,38,,0.043758
45,292,Directed,39,,0.008625
45,293,Directed,40,,0.001051
45,294,Directed,41,,0.001715
45,648,Directed,42,,0.0002
45,649,Directed,43,,0.001006
45,650,Directed,44,,0.001402
45,651,Directed,45,,0.000618
45,652,Directed,46,,0.778311
45,653,Directed,47,,0.001861
45,654,Directed,48,,0.002735
45,655,Directed,49,,0.012661
45,656,Directed,50,,0.00011
45,657,Directed,51,,0.000652
45,658,Directed,52,,0.001424
45,659,Directed,53,,0.0037
45,903,Directed,54,,0.146957
45,904,Directed,55,,0.0012
45,905,Directed,56,,0.006017
45,906,Directed,57,,0.00037
45,907,Directed,58,,0.000254
45,908,Directed,59,,0.000794
45,909,Directed,60,,0.0001
45,910,Directed,61,,0.001445
45,911,Directed,62,,0.001424
45,1200,Directed,63,,0.000695
45,1201,Directed,64,,0.002371
45,1202,Directed,65,,0.001422
45,1203,Directed,66,,0.014778
45,1204,Directed,67,,0.032805
45,1205,Directed,68,,0.01224
45,1206,Directed,69,,0.012073
45,1207,Directed,70,,0.000874
45,1208,Directed,71,,0.000162
45,1288,Directed,72,,0.001057
48,49,Directed,73,,0.5124
48,48,Directed,74,,0.000071
49,48,Directed,75,,0.512378
51,52,Directed,76,,0.000003
51,51,Directed,78,,0.116314
51,298,Directed,79,,0.000003
51,520,Directed,80,,0.000003
51,669,Directed,81,,0.000003
51,1267,Directed,82,,0.000003
54,55,Directed,83,,0.006307
56,57,Directed,84,,0.00388
58,59,Directed,85,,0.000238
58,58,Directed,86,,0.170853
60,61,Directed,87,,0.000865
62,63,Directed,88,,0.535325
62,64,Directed,89,,0.551652
65,66,Directed,90,,0.079981
65,67,Directed,91,,0.176007
68,69,Directed,92,,0.004
70,71,Directed,93,,0.132866
72,73,Directed,94,,0.39989
74,75,Directed,95,,0.000156
76,75,Directed,96,,0.00174
77,78,Directed,97,,0.001135
77,79,Directed,98,,0.002166
80,81,Directed,99,,0.001608
82,83,Directed,100,,0.00011
84,85,Directed,101,,0.058682
84,86,Directed,102,,0.000314
84,87,Directed,103,,0.000711
84,88,Directed,104,,0.05868
84,89,Directed,105,,0.007217
84,90,Directed,106,,0.000176
84,91,Directed,107,,0.000012
84,92,Directed,108,,0.000063
84,93,Directed,109,,0.000764
84,94,Directed,110,,0.001173
84,95,Directed,111,,0.000577
84,96,Directed,112,,0.006003
84,97,Directed,113,,0.000405
84,98,Directed,114,,0.000235
84,99,Directed,115,,0.000458
84,100,Directed,116,,0.000117
84,101,Directed,117,,0.0041
84,102,Directed,118,,0.001174
84,103,Directed,119,,0.000288
84,104,Directed,120,,0.010679
84,84,Directed,121,,61.554021
84,345,Directed,122,,0.000288
84,346,Directed,123,,0.000587
84,347,Directed,124,,0.001155
84,348,Directed,125,,0.000587
84,349,Directed,126,,0.017022
84,350,Directed,127,,0.000387
84,351,Directed,128,,0.002674
84,352,Directed,129,,0.003493
84,353,Directed,130,,0.001408
84,354,Directed,131,,0.000456
84,355,Directed,132,,0.002582
84,356,Directed,133,,0.001467
84,357,Directed,134,,0.000235
84,358,Directed,135,,0.00039
84,359,Directed,136,,0.000631
84,360,Directed,137,,0.000254
84,361,Directed,138,,0.00115
84,362,Directed,139,,0.003815
84,363,Directed,140,,0.000352
84,364,Directed,141,,0.000122
84,367,Directed,142,,0.000939
84,368,Directed,143,,0.006209
84,369,Directed,144,,0.001277
84,370,Directed,145,,0.002347
84,371,Directed,146,,0.000658
84,372,Directed,147,,0.000587
84,373,Directed,148,,0.000618
84,374,Directed,149,,0.0076
84,375,Directed,150,,0.000587
84,376,Directed,151,,0.000528
84,377,Directed,152,,0.0001
84,378,Directed,153,,0.000343
84,379,Directed,154,,0.006161
84,380,Directed,155,,0.001149
84,381,Directed,156,,0.0024
84,382,Directed,157,,0.001241
84,383,Directed,158,,0.000227
84,384,Directed,159,,0.000227
84,385,Directed,160,,0.000356
84,386,Directed,161,,0.000346
84,427,Directed,162,,0.058642
84,428,Directed,163,,0.01
84,429,Directed,164,,0.000076
84,430,Directed,165,,0.000352
84,431,Directed,166,,0.000176
84,432,Directed,167,,0.000065
84,433,Directed,168,,0.056316
84,434,Directed,169,,0.001173
84,435,Directed,170,,0.004703
84,436,Directed,171,,0.002372
84,437,Directed,172,,0.004048
84,438,Directed,173,,0.000211
84,439,Directed,174,,0.000927
84,440,Directed,175,,0.00006
84,441,Directed,176,,0.012904
84,442,Directed,177,,0.000197
84,443,Directed,178,,0.002009
84,444,Directed,179,,0.002347
84,445,Directed,180,,0.000111
84,446,Directed,181,,0.000587
84,447,Directed,182,,0.0117
84,448,Directed,183,,0.00236
84,449,Directed,184,,0.000578
84,450,Directed,185,,0.001162
84,451,Directed,186,,0.000123
84,452,Directed,187,,0.029354
84,453,Directed,188,,0.000193
84,454,Directed,189,,0.000235
84,455,Directed,190,,0.00822
84,456,Directed,191,,0.001174
84,457,Directed,192,,0.000235
84,458,Directed,193,,0.000035
84,459,Directed,194,,0.0587
84,460,Directed,195,,0.000464
84,461,Directed,196,,0.00074
84,462,Directed,197,,0.001736
84,463,Directed,198,,0.005613
84,464,Directed,199,,0.000222
84,465,Directed,200,,0.011157
84,780,Directed,201,,0.000012
84,781,Directed,202,,0.005871
84,782,Directed,203,,0.003614
84,783,Directed,204,,0.001208
84,784,Directed,205,,0.000294
84,785,Directed,206,,0.000247
84,786,Directed,207,,0.000459
84,787,Directed,208,,0.002231
84,788,Directed,209,,0.000135
84,789,Directed,210,,0.003496
84,790,Directed,211,,0.011649
84,791,Directed,212,,0.00024
84,792,Directed,213,,0.002941
84,793,Directed,214,,0.001136
84,794,Directed,215,,0.000579
84,795,Directed,216,,0.000246
84,796,Directed,217,,0.000305
84,797,Directed,218,,0.00044
84,798,Directed,219,,0.054018
84,1032,Directed,220,,0.000329
84,1033,Directed,221,,0.000688
84,1034,Directed,222,,0.049331
84,1035,Directed,223,,0.003287
84,1036,Directed,224,,0.004908
84,1037,Directed,225,,0.001174
84,1038,Directed,226,,0.0587
84,1039,Directed,227,,0.000587
84,1040,Directed,228,,0.000284
84,1041,Directed,229,,0.001763
84,1042,Directed,230,,0.000406
84,1043,Directed,231,,0.000235
84,1044,Directed,232,,0.006931
84,1045,Directed,233,,0.000293
84,1046,Directed,234,,0.000353
84,1047,Directed,235,,0.000168
84,1048,Directed,236,,0.000228
84,1049,Directed,237,,0.002349
84,1050,Directed,238,,0.00032
84,1051,Directed,239,,0.00587
84,1052,Directed,240,,0.001063
84,1053,Directed,241,,0.000112
84,1054,Directed,242,,0.000998
84,1055,Directed,243,,0.00135
84,1056,Directed,244,,0.000022
84,1057,Directed,245,,0.002959
84,1058,Directed,246,,0.000524
84,1059,Directed,247,,0.003104
84,1060,Directed,248,,0.000279
84,1061,Directed,249,,0.001805
84,1062,Directed,250,,0.00017
84,1063,Directed,251,,0.000017
84,1064,Directed,252,,0.00115
84,1065,Directed,253,,0.000229
84,1066,Directed,254,,0.002013
84,1067,Directed,255,,0.000294
84,1068,Directed,256,,0.000587
84,1069,Directed,257,,0.009404
84,1073,Directed,258,,0.000871
84,1074,Directed,259,,0.005889
84,1075,Directed,260,,0.000919
84,1076,Directed,261,,0.003405
84,1077,Directed,262,,0.000543
84,1078,Directed,263,,0.001168
84,1079,Directed,264,,0.001247
84,1080,Directed,265,,0.001151
84,1081,Directed,266,,0.001174
84,1082,Directed,267,,0.001454
84,1083,Directed,268,,0.000587
84,1084,Directed,269,,0.000112
84,1085,Directed,270,,0.011656
84,1086,Directed,271,,0.000226
84,1087,Directed,272,,0.001057
84,1088,Directed,273,,0.058707
84,1089,Directed,274,,0.058697
84,1090,Directed,275,,0.00496
84,1091,Directed,276,,0.00337
84,1092,Directed,277,,0.000244
84,1093,Directed,278,,0.001053
84,1094,Directed,279,,0.004659
84,1095,Directed,280,,0.00587
84,1096,Directed,281,,0.056283
84,1097,Directed,282,,0.00041
84,1098,Directed,283,,0.000586
84,1099,Directed,284,,0.002931
84,1100,Directed,285,,0.001228
84,1101,Directed,286,,0.0001
84,1102,Directed,287,,0.003492
84,1103,Directed,288,,0.002152
84,1104,Directed,289,,0.000228
84,1105,Directed,290,,0.001
84,1106,Directed,291,,0.000429
84,1107,Directed,292,,0.002932
84,1108,Directed,293,,0.000586
84,1109,Directed,294,,0.000773
84,1110,Directed,295,,0.000176
84,1311,Directed,296,,0.02346
84,1312,Directed,297,,0.011732
84,1313,Directed,298,,0.002347
84,1314,Directed,299,,0.00058
84,1315,Directed,300,,0.000553
84,1316,Directed,301,,0.004743
84,1317,Directed,302,,0.000547
84,1318,Directed,303,,0.005829
84,1319,Directed,304,,0.000298
84,1320,Directed,305,,0.001756
84,1321,Directed,306,,0.000328
84,1322,Directed,307,,0.00034
84,1323,Directed,308,,0.000695
84,1324,Directed,309,,0.00587
84,1325,Directed,310,,0.000585
84,1326,Directed,311,,0.000223
84,1327,Directed,312,,0.01174
84,1328,Directed,313,,0.000475
95,417,Directed,314,,0.000587
105,107,Directed,316,,0.000625
105,108,Directed,317,,0.000625
105,105,Directed,318,,0.683792
105,526,Directed,321,,0.000625
105,527,Directed,322,,0.000625
105,693,Directed,324,,0.000625
105,694,Directed,325,,0.000625
105,1281,Directed,328,,0.000625
105,1298,Directed,330,,0.000625
109,110,Directed,331,,0.000003
109,109,Directed,333,,0.002666
111,112,Directed,334,,0.003111
113,113,Directed,336,,0.000005
113,115,Directed,337,,0.000005
113,116,Directed,338,,0.009996
117,118,Directed,339,,0.139143
118,120,Directed,340,,4
118,118,Directed,341,,0.004556
118,396,Directed,342,,0.451506
118,746,Directed,343,,0.005011
119,118,Directed,344,,0.008642
120,765,Directed,345,,4
120,120,Directed,346,,0.001466
121,121,Directed,347,,0.807067
121,122,Directed,348,,0.003445
121,123,Directed,349,,0.006109
121,124,Directed,350,,0.001164
121,125,Directed,351,,0.001245
121,126,Directed,352,,0.00016
121,127,Directed,353,,0.002994
121,410,Directed,354,,0.00177
121,411,Directed,355,,0.000146
121,412,Directed,356,,0.000327
121,413,Directed,357,,0.001469
121,414,Directed,358,,0.004068
121,415,Directed,359,,0.01414
121,539,Directed,360,,0.016005
121,540,Directed,361,,0.005774
121,541,Directed,362,,0.015266
121,750,Directed,363,,0.001869
121,751,Directed,364,,0.003442
121,752,Directed,365,,0.000646
121,753,Directed,366,,0.014194
121,761,Directed,367,,0.002506
121,762,Directed,368,,0.003788
121,763,Directed,369,,0.001716
121,764,Directed,370,,0.001104
121,766,Directed,371,,0.003516
121,767,Directed,372,,0.004916
121,768,Directed,373,,0.003163
121,769,Directed,374,,0.000223
121,770,Directed,375,,0.001697
121,1001,Directed,376,,0.000049
121,1002,Directed,377,,0.002543
121,1003,Directed,378,,0.000555
121,1004,Directed,379,,0.002698
121,1005,Directed,380,,0.000351
121,1006,Directed,381,,0.001178
121,1007,Directed,382,,0.001728
121,1008,Directed,383,,0.003122
121,1009,Directed,384,,0.005013
121,1010,Directed,385,,0.000228
121,1011,Directed,386,,0.00328
121,1012,Directed,387,,0.001705
121,1013,Directed,388,,0.001176
121,1015,Directed,389,,0.00125
121,1016,Directed,390,,0.000262
121,1017,Directed,391,,0.001881
121,1308,Directed,392,,0.003362
121,1309,Directed,393,,0.001978
124,668,Directed,394,,0.001108
128,128,Directed,395,,0.006837
128,129,Directed,396,,0.000005
128,130,Directed,397,,0.000005
128,131,Directed,398,,0.000005
128,132,Directed,399,,0.000005
128,133,Directed,400,,0.000005
135,136,Directed,402,,0.064006
135,137,Directed,403,,0.000426
135,138,Directed,404,,0.00029
136,406,Directed,405,,0.00042
136,407,Directed,406,,0.063565
139,140,Directed,407,,0.450532
139,141,Directed,408,,0.005869
142,143,Directed,409,,0.000023
142,144,Directed,410,,0.000551
144,145,Directed,411,,0.000528
146,147,Directed,412,,0.006796
146,146,Directed,413,,0.248501
148,149,Directed,414,,0.000632
148,150,Directed,415,,0.000008
148,148,Directed,417,,0.00004
149,152,Directed,418,,0.000608
149,149,Directed,419,,2.995907
153,154,Directed,420,,0.000334
153,155,Directed,421,,0.00048
153,153,Directed,422,,0.393343
153,171,Directed,423,,0.004444
153,172,Directed,424,,0.00468
153,173,Directed,425,,0.002027
153,174,Directed,426,,0.001989
153,195,Directed,427,,0.00198
153,482,Directed,428,,0.003565
153,483,Directed,429,,0.046948
153,484,Directed,430,,0.001863
153,485,Directed,431,,0.005159
153,486,Directed,432,,0.002334
153,487,Directed,433,,0.007629
153,488,Directed,434,,0.004095
153,489,Directed,435,,0.013737
153,554,Directed,436,,0.000103
153,1376,Directed,437,,0.000245
153,1377,Directed,438,,0.002192
153,1400,Directed,439,,0.001
156,157,Directed,440,,0.00144
158,159,Directed,441,,0.253279
158,160,Directed,442,,8.839796
161,162,Directed,443,,0.000704
161,163,Directed,444,,0.010423
164,165,Directed,445,,0.663456
164,164,Directed,446,,82.213916
165,186,Directed,448,,1.05
165,165,Directed,449,,1.208953
167,165,Directed,450,,0.663556
167,167,Directed,451,,86.576842
169,170,Directed,453,,0.000006
169,169,Directed,454,,0.725848
169,304,Directed,455,,0.000293
169,918,Directed,456,,0.002691
175,176,Directed,457,,0.000303
175,177,Directed,458,,0.000598
178,179,Directed,459,,0.000016
180,181,Directed,460,,0.002463
180,182,Directed,461,,0.002443
180,183,Directed,462,,0.001
180,184,Directed,463,,0.001053
180,185,Directed,464,,0.000587
180,180,Directed,465,,0.009746
187,187,Directed,466,,0.693736
187,188,Directed,467,,0.000941
187,189,Directed,468,,0.000057
187,466,Directed,469,,0.001021
187,508,Directed,470,,0.000142
187,509,Directed,471,,0.000097
187,570,Directed,472,,0.002589
187,571,Directed,473,,0.001055
187,572,Directed,474,,0.00101
187,779,Directed,475,,0.002264
187,1343,Directed,476,,0.001173
187,1344,Directed,477,,0.00116
187,1373,Directed,478,,0.003877
187,1374,Directed,479,,0.003483
187,1375,Directed,480,,0.000453
187,1476,Directed,481,,0.011653
187,1477,Directed,482,,0.002727
187,1478,Directed,483,,0.002347
187,1479,Directed,484,,0.002285
187,1480,Directed,485,,0.001174
190,107,Directed,487,,0.0005
190,108,Directed,488,,0.0005
190,190,Directed,489,,0.919496
190,526,Directed,491,,0.0005
190,527,Directed,492,,0.0005
190,693,Directed,494,,0.0005
190,694,Directed,495,,0.0005
190,1298,Directed,497,,0.0005
192,193,Directed,498,,0.003223
192,194,Directed,499,,0.00036
193,773,Directed,500,,0.005871
193,193,Directed,501,,0.008708
196,197,Directed,502,,0.000187
198,199,Directed,503,,0.001761
198,200,Directed,504,,0.000611
201,202,Directed,505,,0.0005
201,203,Directed,506,,0.008592
204,205,Directed,507,,0.009071
204,204,Directed,508,,0.021768
206,207,Directed,509,,0.00047
208,209,Directed,510,,0.000225
210,211,Directed,511,,0.000282
212,213,Directed,512,,0.001302
214,215,Directed,513,,0.000904
216,217,Directed,514,,0.00032
218,219,Directed,515,,0.000558
220,221,Directed,516,,0.004569
222,223,Directed,517,,0.000192
224,225,Directed,518,,0.00822
226,227,Directed,519,,0.004695
226,228,Directed,520,,0.000183
226,229,Directed,521,,0.004576
226,230,Directed,522,,0.000167
226,231,Directed,523,,0.039646
226,226,Directed,524,,15.606167
226,344,Directed,525,,0.000005
226,321,Directed,526,,0.085847
226,548,Directed,527,,0.065633
226,549,Directed,528,,0.00027
226,550,Directed,529,,0.015
226,551,Directed,530,,0.000765
226,1353,Directed,531,,0.001312
226,1354,Directed,532,,0.00157
226,1355,Directed,533,,0.016136
232,107,Directed,535,,0.0005
232,108,Directed,536,,0.0005
232,232,Directed,537,,0.176507
232,526,Directed,539,,0.0005
232,527,Directed,540,,0.0005
232,1298,Directed,542,,0.0005
234,235,Directed,543,,0.001385
236,237,Directed,544,,0.167772
236,238,Directed,545,,0.368109
239,240,Directed,546,,0.000176
239,239,Directed,547,,1.266826
239,241,Directed,548,,0.002555
239,242,Directed,549,,0.00297
239,243,Directed,550,,0.01397
239,244,Directed,551,,0.00163
239,245,Directed,552,,0.005833
239,246,Directed,553,,0.00047
239,247,Directed,554,,21.915521
239,557,Directed,555,,0.008579
239,558,Directed,556,,0.01488
239,559,Directed,557,,0.000557
239,560,Directed,558,,0.024716
239,561,Directed,559,,0.005083
239,562,Directed,560,,0.000263
239,563,Directed,561,,0.001078
239,1367,Directed,562,,0.00011
239,1368,Directed,563,,0.005138
239,1369,Directed,564,,0.00027
239,1370,Directed,565,,0.004615
239,1371,Directed,566,,0.004999
239,165,Directed,567,,2.09967
239,1372,Directed,568,,0.00097
248,249,Directed,569,,0.001301
248,250,Directed,570,,0.000765
251,252,Directed,571,,0.004435
253,254,Directed,572,,0.002935
253,253,Directed,573,,0.000415
255,256,Directed,574,,0.00468
257,258,Directed,575,,0.00521
259,260,Directed,576,,0.0052
261,262,Directed,577,,0.01068
263,264,Directed,578,,0.00525
265,266,Directed,579,,0.00524
267,268,Directed,580,,0.00519
269,270,Directed,581,,0.00468
271,272,Directed,582,,0.00468
273,274,Directed,583,,0.00468
275,276,Directed,584,,0.00468
277,278,Directed,585,,0.00523
279,280,Directed,586,,0.00522
281,282,Directed,587,,0.00178
281,281,Directed,588,,0.025059
283,284,Directed,589,,0.00178
283,283,Directed,590,,0.016188
283,1188,Directed,591,,0.016115
285,286,Directed,592,,0.000701
286,332,Directed,593,,0.000215
286,286,Directed,594,,0.000445
287,288,Directed,595,,0.416376
287,289,Directed,596,,8.5
295,296,Directed,597,,0.026
295,297,Directed,598,,0.00999
299,300,Directed,599,,0.008234
299,299,Directed,600,,0.522456
299,915,Directed,601,,0.005562
301,301,Directed,602,,1.475034
301,302,Directed,603,,0.0049
303,42,Directed,604,,0.025218
305,306,Directed,605,,0.002045
306,320,Directed,606,,0.002008
307,308,Directed,607,,0.000091
309,309,Directed,608,,3.646249
309,310,Directed,609,,1
309,691,Directed,610,,0.016
309,1116,Directed,611,,0.15
311,312,Directed,612,,0.000505
313,314,Directed,613,,1.122826
313,315,Directed,614,,1.226727
316,317,Directed,615,,0.0073
316,318,Directed,616,,0.752237
316,319,Directed,617,,1.417634
321,322,Directed,618,,0.000032
321,321,Directed,619,,0.085889
321,708,Directed,620,,0.000032
322,226,Directed,621,,0.000005
323,324,Directed,622,,0.000294
325,326,Directed,623,,0.17
325,325,Directed,624,,0.002606
327,328,Directed,625,,0.013
327,329,Directed,626,,0.003
330,331,Directed,627,,0.002924
333,334,Directed,628,,0.001136
333,333,Directed,629,,0.072421
333,985,Directed,630,,0.000641
333,1260,Directed,631,,0.000304
334,684,Directed,632,,0.003028
335,336,Directed,633,,1
335,335,Directed,634,,5.51036
337,338,Directed,635,,0.139861
337,339,Directed,636,,0.00118
340,341,Directed,637,,0.00169
340,342,Directed,638,,0.001103
365,366,Directed,639,,0.000556
387,388,Directed,640,,0.03015
387,387,Directed,641,,0.36563
389,390,Directed,642,,0.001174
389,389,Directed,643,,0.000531
391,392,Directed,644,,0.000341
391,393,Directed,645,,0.002607
394,395,Directed,646,,0.000118
397,118,Directed,647,,0.055744
398,399,Directed,648,,0.000421
398,398,Directed,649,,0.000781
400,401,Directed,650,,0.000057
400,402,Directed,651,,0.012693
401,403,Directed,652,,0.000057
401,404,Directed,653,,0.000318
405,118,Directed,654,,0.043904
407,757,Directed,655,,0.000427
407,758,Directed,656,,0.001251
407,759,Directed,657,,0.061142
407,760,Directed,658,,0.000714
408,409,Directed,659,,0.001879
408,408,Directed,660,,0.001164
416,118,Directed,661,,0.000965
418,419,Directed,662,,0.001681
418,160,Directed,663,,0.012943
420,421,Directed,664,,0.001177
420,422,Directed,665,,0.009856
422,467,Directed,666,,0.003515
422,468,Directed,667,,0.003265
422,542,Directed,668,,0.000585
422,422,Directed,669,,0.011337
422,777,Directed,670,,0.003422
422,1031,Directed,671,,0.000676
422,1070,Directed,672,,0.007311
423,424,Directed,673,,0.000047
425,426,Directed,674,,0.0065
425,425,Directed,675,,0.00032
469,470,Directed,676,,0.010554
471,472,Directed,677,,0.00127
473,474,Directed,678,,0.00116
475,149,Directed,679,,0.021846
475,150,Directed,680,,0.000154
477,478,Directed,682,,0.015177
479,480,Directed,683,,0.000246
479,481,Directed,684,,0.000369
479,479,Directed,685,,48.983256
479,745,Directed,686,,0.000246
479,979,Directed,687,,0.000246
479,980,Directed,688,,0.000307
484,969,Directed,689,,0.001175
484,484,Directed,690,,0.00066
484,1338,Directed,691,,0.001765
490,491,Directed,692,,0.00027
492,493,Directed,693,,0.000564
494,495,Directed,694,,0.088063
494,494,Directed,695,,0.263983
494,1342,Directed,696,,0.088021
496,497,Directed,697,,0.062009
498,499,Directed,698,,0.000015
500,501,Directed,699,,0.00027
500,500,Directed,700,,0.2697
500,1113,Directed,701,,0.000587
502,503,Directed,702,,0.007841
504,505,Directed,703,,0.003332
504,506,Directed,704,,0.003324
505,507,Directed,705,,0.003305
510,511,Directed,706,,0.000036
510,512,Directed,708,,0.000064
513,514,Directed,709,,0.003974
513,512,Directed,711,,0.000057
515,516,Directed,712,,0.000003
515,512,Directed,714,,0.000079
515,515,Directed,715,,0.000138
517,518,Directed,716,,0.000005
517,517,Directed,718,,0.004245
517,512,Directed,719,,0.000071
521,522,Directed,720,,0.006098
521,521,Directed,721,,1.354332
521,660,Directed,722,,0.004165
521,1209,Directed,723,,0.005033
523,524,Directed,724,,9.999977
529,530,Directed,725,,0.000235
529,531,Directed,726,,0.000513
531,673,Directed,727,,0.000482
532,533,Directed,728,,0.000968
532,534,Directed,729,,0.005011
532,535,Directed,730,,0.00146
532,536,Directed,731,,0.001997
532,537,Directed,732,,1.633809
532,538,Directed,733,,0.001513
543,544,Directed,734,,0.009624
543,543,Directed,735,,0.317523
543,778,Directed,736,,0.004473
543,1299,Directed,737,,0.009996
546,526,Directed,739,,0.00075
546,527,Directed,740,,0.00075
546,546,Directed,741,,1.25202
546,1298,Directed,743,,0.00075
546,108,Directed,744,,0.00075
552,553,Directed,745,,0.000455
555,556,Directed,746,,0.004569
564,565,Directed,747,,0.000235
564,564,Directed,748,,0.000604
566,567,Directed,749,,0.001144
566,568,Directed,750,,0.000428
566,569,Directed,751,,0.00088
573,574,Directed,752,,0.00082
575,576,Directed,753,,0.00062
575,577,Directed,754,,0.0018
575,578,Directed,755,,0.003693
575,579,Directed,756,,0.009893
575,580,Directed,757,,0.299507
581,582,Directed,758,,0.000991
583,584,Directed,759,,0.009
583,585,Directed,760,,0.312084
586,586,Directed,761,,53.719462
588,589,Directed,763,,0.000005
588,588,Directed,764,,0.001483
590,165,Directed,765,,0.666974
590,590,Directed,766,,88.761819
592,593,Directed,769,,0.002439
594,526,Directed,771,,0.000625
594,527,Directed,772,,0.000625
594,594,Directed,773,,1.10539
594,1298,Directed,775,,0.000625
594,108,Directed,776,,0.000625
596,597,Directed,777,,0.024392
596,598,Directed,778,,0.000064
596,599,Directed,779,,0.000034
600,601,Directed,780,,0.000336
600,602,Directed,781,,0.000406
600,603,Directed,782,,0.00041
600,604,Directed,783,,0.000428
600,605,Directed,784,,0.000762
600,600,Directed,785,,0.352159
606,607,Directed,786,,0.000714
606,608,Directed,787,,0.000397
606,609,Directed,788,,0.000782
606,610,Directed,789,,0.12845
606,611,Directed,790,,0.000564
612,613,Directed,791,,0.005077
614,615,Directed,792,,0.002558
616,165,Directed,793,,0.663274
616,616,Directed,794,,32.862441
618,619,Directed,796,,0.005644
620,621,Directed,797,,0.000014
620,622,Directed,798,,0.004392
622,620,Directed,799,,0.000003
623,624,Directed,801,,0.000254
626,627,Directed,802,,0.000003
626,512,Directed,804,,0.000081
626,626,Directed,805,,0.001578
628,629,Directed,806,,0.0198
628,630,Directed,807,,1.147666
631,632,Directed,808,,0.00468
633,634,Directed,809,,0.0009
635,636,Directed,810,,0.00577
635,637,Directed,811,,0.004404
640,641,Directed,812,,8.934244
640,37,Directed,813,,0.065331
642,640,Directed,814,,10.01
642,643,Directed,815,,4.84258
642,642,Directed,816,,37.147248
644,645,Directed,817,,0.001739
646,647,Directed,818,,0.003512
646,646,Directed,819,,6.990741
661,662,Directed,820,,0.04
661,661,Directed,821,,0.003188
663,664,Directed,822,,0.0157
665,666,Directed,823,,0.002741
667,666,Directed,824,,0.00099
670,671,Directed,825,,0.000235
670,672,Directed,826,,0.005141
674,675,Directed,827,,0.1
674,674,Directed,828,,0.00096
676,677,Directed,829,,0.07
678,679,Directed,830,,0.000315
680,681,Directed,831,,0.00543
682,683,Directed,832,,0.009347
685,686,Directed,833,,0.000571
685,687,Directed,834,,0.000628
685,688,Directed,835,,0.000929
685,689,Directed,836,,0.001972
685,690,Directed,837,,0.020943
690,1223,Directed,838,,0.000422
690,1224,Directed,839,,0.000582
690,1225,Directed,840,,0.000614
690,1226,Directed,841,,0.000785
690,1227,Directed,842,,0.018475
695,695,Directed,843,,7.562487
695,310,Directed,844,,0.389056
696,697,Directed,845,,0.000702
698,699,Directed,846,,0.002184
700,701,Directed,847,,0.007346
700,702,Directed,848,,0.019511
703,704,Directed,849,,0.001282
703,705,Directed,850,,0.000587
706,707,Directed,851,,0.006074
706,706,Directed,852,,0.758015
708,718,Directed,853,,0.000005
709,710,Directed,854,,0.001586
709,709,Directed,855,,0.000542
710,711,Directed,856,,0.001527
712,713,Directed,857,,0.512078
714,715,Directed,858,,0.000857
716,717,Directed,859,,0.000449
718,226,Directed,860,,0.000005
718,321,Directed,861,,0.085842
719,720,Directed,862,,0.5
719,719,Directed,863,,0.012844
721,722,Directed,864,,0.000194
721,721,Directed,865,,0.000084
723,724,Directed,866,,0.000273
725,726,Directed,867,,0.000164
727,728,Directed,868,,0.004699
727,727,Directed,869,,0.022487
728,1273,Directed,870,,0.004681
729,730,Directed,871,,0.015976
729,731,Directed,872,,0.000634
732,733,Directed,873,,0.003595
732,734,Directed,874,,0.000352
735,736,Directed,875,,0.001045
737,738,Directed,876,,0.550754
737,739,Directed,877,,0.296309
740,741,Directed,878,,0.000253
740,742,Directed,879,,0.000164
741,987,Directed,880,,0.0002
743,744,Directed,881,,0.000307
747,118,Directed,882,,1.005487
748,118,Directed,883,,0.113818
749,118,Directed,884,,0.009111
753,896,Directed,885,,0.014133
754,755,Directed,886,,0.030717
754,756,Directed,887,,0.001122
771,772,Directed,888,,0.000302
774,775,Directed,889,,0.01069
799,800,Directed,890,,0.000213
800,912,Directed,891,,0.065196
801,800,Directed,892,,0.025154
802,803,Directed,893,,0.005601
802,804,Directed,894,,0.009169
802,805,Directed,895,,0.008293
802,806,Directed,896,,0.006337
802,807,Directed,897,,0.01908
802,808,Directed,898,,0.00506
802,809,Directed,899,,0.492889
802,810,Directed,900,,0.01
802,811,Directed,901,,0.01295
802,812,Directed,902,,0.0064
802,813,Directed,903,,0.005006
802,814,Directed,904,,1
802,815,Directed,905,,0.006
802,816,Directed,906,,0.00504
802,817,Directed,907,,0.00809
802,818,Directed,908,,0.005
802,819,Directed,909,,0.005464
802,820,Directed,910,,0.033
802,821,Directed,911,,0.005
802,822,Directed,912,,0.016586
802,823,Directed,913,,0.01597
802,824,Directed,914,,0.00511
802,825,Directed,915,,0.02
802,826,Directed,916,,0.005221
802,827,Directed,917,,0.009921
802,802,Directed,918,,81.987965
802,828,Directed,919,,0.005137
802,829,Directed,920,,0.150196
802,830,Directed,921,,0.007413
802,831,Directed,922,,0.008646
802,832,Directed,923,,0.052512
802,833,Directed,924,,0.008207
802,834,Directed,925,,0.039956
802,835,Directed,926,,0.00502
802,836,Directed,927,,0.005654
802,837,Directed,928,,0.017014
802,838,Directed,929,,0.005187
802,839,Directed,930,,0.00501
802,840,Directed,931,,0.005529
802,841,Directed,932,,0.005093
802,842,Directed,933,,0.062542
802,843,Directed,934,,0.005088
802,844,Directed,935,,0.00519
802,845,Directed,936,,0.063248
802,846,Directed,937,,0.0064
802,847,Directed,938,,0.005184
802,848,Directed,939,,0.006318
802,849,Directed,940,,0.005093
802,850,Directed,941,,0.005162
802,851,Directed,942,,0.005089
802,852,Directed,943,,0.430515
802,853,Directed,944,,0.005132
802,854,Directed,945,,0.000074
802,855,Directed,946,,0.005246
802,856,Directed,947,,0.005745
802,857,Directed,948,,0.038416
802,858,Directed,949,,0.005215
802,859,Directed,950,,0.005036
802,860,Directed,951,,0.005504
802,861,Directed,952,,0.00617
802,862,Directed,953,,0.005627
802,863,Directed,954,,0.005435
802,864,Directed,955,,0.068557
802,865,Directed,956,,0.037038
802,866,Directed,957,,0.010615
802,867,Directed,958,,0.007222
802,868,Directed,959,,0.007531
802,869,Directed,960,,0.005179
802,870,Directed,961,,0.63221
802,871,Directed,962,,0.006595
802,872,Directed,963,,0.005083
802,873,Directed,964,,0.00562
802,874,Directed,965,,0.008125
802,875,Directed,966,,0.006289
802,876,Directed,967,,0.005322
802,877,Directed,968,,0.070515
802,878,Directed,969,,0.005614
802,879,Directed,970,,0.005563
880,881,Directed,971,,1.113672
882,883,Directed,972,,0.072229
882,884,Directed,973,,0.07
885,629,Directed,974,,0.0012
885,886,Directed,975,,0.01357
887,888,Directed,976,,0.00968
889,890,Directed,977,,0.00468
891,892,Directed,978,,0.002276
897,898,Directed,979,,0.002348
897,897,Directed,980,,2.35888
897,1195,Directed,981,,0.001186
897,1287,Directed,982,,0.00187
899,900,Directed,983,,0.00994
899,899,Directed,984,,0.009991
901,902,Directed,985,,0.0015
913,914,Directed,986,,0.009943
916,917,Directed,987,,0.000042
919,920,Directed,988,,0.000749
919,919,Directed,989,,0.00031
921,922,Directed,990,,0.000647
923,923,Directed,992,,0.000005
923,925,Directed,993,,0.000005
923,926,Directed,994,,0.009983
927,928,Directed,995,,0.021313
929,930,Directed,996,,0.002236
929,931,Directed,997,,0.00072
929,929,Directed,998,,0.261881
932,933,Directed,999,,0.205657
932,934,Directed,1000,,0.004453
935,936,Directed,1001,,0.002349
938,939,Directed,1003,,0.00403
940,941,Directed,1004,,0.002845
942,943,Directed,1005,,0.028088
944,945,Directed,1006,,0.0005
944,946,Directed,1007,,0.000601
944,947,Directed,1008,,0.000644
944,948,Directed,1009,,0.000722
944,949,Directed,1010,,0.013507
950,951,Directed,1011,,0.01
950,952,Directed,1012,,0.002615
953,954,Directed,1013,,0.681451
953,955,Directed,1014,,0.736521
956,957,Directed,1015,,0.007227
956,958,Directed,1016,,0.073107
959,960,Directed,1017,,0.859173
959,961,Directed,1018,,0.864528
962,963,Directed,1019,,0.766244
962,964,Directed,1020,,0.981589
965,315,Directed,1021,,1.227116
965,966,Directed,1022,,1.499113
967,968,Directed,1023,,0.116181
967,967,Directed,1024,,0.207017
970,971,Directed,1025,,0.000568
970,972,Directed,1026,,0.00029
973,974,Directed,1027,,0.511878
975,976,Directed,1028,,0.001378
977,978,Directed,1029,,0.511778
981,982,Directed,1030,,0.030579
983,984,Directed,1031,,0.00079
988,989,Directed,1032,,0.000671
988,990,Directed,1033,,0.011746
991,992,Directed,1034,,0.082217
991,993,Directed,1035,,0.136516
994,118,Directed,1036,,0.037952
995,118,Directed,1037,,0.132774
996,118,Directed,1038,,0.014132
997,998,Directed,1039,,0.000302
999,1000,Directed,1040,,0.003356
1014,118,Directed,1041,,0.002317
1018,1019,Directed,1042,,0.001527
1020,589,Directed,1043,,0.00001
1020,1020,Directed,1044,,0.032646
1020,1021,Directed,1045,,0.00082
1020,1022,Directed,1046,,0.003986
1020,1023,Directed,1047,,0.00384
1024,1025,Directed,1048,,0.009487
1024,1026,Directed,1049,,0.096358
1027,1028,Directed,1050,,0.00103
1029,1030,Directed,1051,,0.075369
1071,1072,Directed,1052,,0.042703
1071,468,Directed,1053,,0.002366
1111,1112,Directed,1054,,0.009104
1111,1111,Directed,1055,,0.200857
1114,1115,Directed,1056,,0.000857
1117,1118,Directed,1057,,0.000163
1117,1119,Directed,1058,,0.012731
1117,1120,Directed,1059,,0.003183
1117,1121,Directed,1060,,0.001119
1122,1123,Directed,1061,,0.003015
1124,1125,Directed,1062,,0.003
1124,629,Directed,1063,,0.0681
1124,1126,Directed,1064,,0.979854
1127,1128,Directed,1065,,0.001174
1129,1130,Directed,1066,,0.75
1129,1131,Directed,1067,,0.249798
1132,1133,Directed,1068,,1.3
1132,1134,Directed,1069,,0.560732
1133,1183,Directed,1070,,2.019751
1135,1136,Directed,1071,,0.450898
1135,1137,Directed,1072,,0.72
1138,1139,Directed,1073,,0.00524
1140,1141,Directed,1074,,0.00522
1142,1143,Directed,1075,,0.00525
1144,1145,Directed,1076,,0.00523
1146,1147,Directed,1077,,0.00525
1148,1149,Directed,1078,,0.00526
1150,1151,Directed,1079,,0.00491
1152,1153,Directed,1080,,0.00521
1154,1155,Directed,1081,,0.00521
1156,1157,Directed,1082,,0.00527
1158,1159,Directed,1083,,0.00526
1160,1161,Directed,1084,,0.00479
1162,1163,Directed,1085,,0.00522
1164,1165,Directed,1086,,0.00528
1166,1167,Directed,1087,,0.0052
1168,1169,Directed,1088,,0.00519
1170,1171,Directed,1089,,0.00524
1172,1173,Directed,1090,,0.00523
1174,1175,Directed,1091,,0.00528
1176,1177,Directed,1092,,0.00527
1178,1179,Directed,1093,,1.22
1178,1180,Directed,1094,,0.140773
1179,1181,Directed,1095,,1.969717
1181,1182,Directed,1096,,1.96955
1183,1184,Directed,1097,,2.01965
1185,1186,Directed,1098,,0.011747
1185,1185,Directed,1099,,0.018224
1187,1188,Directed,1100,,0.028588
1189,1188,Directed,1101,,0.032244
1191,1192,Directed,1102,,0.2632
1193,1194,Directed,1103,,0.000003
1196,1197,Directed,1104,,0.000658
1196,1196,Directed,1105,,0.098195
1198,1199,Directed,1106,,0.006424
1198,1198,Directed,1107,,7.702284
1210,1211,Directed,1108,,0.007256
1210,1210,Directed,1109,,1.107715
1212,1213,Directed,1110,,0.036186
1212,1214,Directed,1111,,0.122399
1215,1216,Directed,1112,,0.2
1215,1215,Directed,1113,,6.708553
1217,1218,Directed,1114,,0.000261
1219,1220,Directed,1115,,0.2
1219,1219,Directed,1116,,0.34098
1221,1222,Directed,1117,,0.008188
1228,1228,Directed,1118,,0.000758
1228,1229,Directed,1119,,0.00076
1228,1230,Directed,1120,,0.00077
1228,1231,Directed,1121,,0.00003
1232,1233,Directed,1122,,0.017215
1232,1234,Directed,1123,,2.226173
1235,1235,Directed,1124,,0.007764
1235,1230,Directed,1125,,0.00074
1235,1229,Directed,1126,,0.00075
1235,1231,Directed,1127,,0.00003
1236,317,Directed,1128,,0.0073
1236,1237,Directed,1129,,0.579406
1236,1238,Directed,1130,,0.709939
1236,1239,Directed,1131,,1.073385
1236,1240,Directed,1132,,1.194349
1241,1242,Directed,1133,,0.858487
1241,1243,Directed,1134,,1.141484
1244,1245,Directed,1135,,1.226987
1244,1246,Directed,1136,,1.430952
1247,1248,Directed,1137,,0.004364
1249,1250,Directed,1138,,0.00412
1251,1252,Directed,1139,,0.000781
1251,1251,Directed,1140,,0.100453
1252,1253,Directed,1141,,0.000743
1254,1255,Directed,1142,,0.000201
1254,1256,Directed,1143,,0.002898
1257,75,Directed,1144,,0.00009
1258,1259,Directed,1145,,0.0241
1260,1294,Directed,1146,,0.000899
1261,1262,Directed,1147,,0.008874
1261,1261,Directed,1148,,7.437988
1263,1264,Directed,1149,,0.00605
1265,1266,Directed,1150,,0.000117
1265,1265,Directed,1151,,0.000101
1268,1269,Directed,1152,,0.000139
1268,1270,Directed,1153,,0.000481
1271,1272,Directed,1154,,0.0023
1274,1275,Directed,1155,,0.00062
1274,1276,Directed,1156,,0.001055
1277,1278,Directed,1157,,0.000047
1277,1279,Directed,1158,,0.00277
1282,1283,Directed,1159,,0.000314
1284,1285,Directed,1160,,0.0001
1284,1286,Directed,1161,,0.0132
1284,1284,Directed,1162,,0.00165
1289,1290,Directed,1163,,2.028752
1291,1292,Directed,1164,,0.025
1291,1291,Directed,1165,,0.004647
1293,1293,Directed,1166,,0.000076
1293,1229,Directed,1167,,0.00079
1295,1296,Directed,1168,,0.000008
1300,1301,Directed,1169,,0.003417
1302,1303,Directed,1170,,0.000683
1304,1305,Directed,1171,,0.000329
1304,1306,Directed,1172,,0.002581
1307,118,Directed,1173,,0.144313
1310,118,Directed,1174,,0.036835
1329,1330,Directed,1175,,0.0943
1329,1329,Directed,1176,,0.000315
1331,1332,Directed,1177,,0.000076
1333,1334,Directed,1178,,0.786901
1333,160,Directed,1179,,0.342009
1335,1336,Directed,1180,,0.0067
1335,1337,Directed,1181,,0.882753
1339,1340,Directed,1182,,0.013441
1339,1341,Directed,1183,,0.000878
1345,213,Directed,1184,,0.001026
1346,1347,Directed,1185,,0.001138
1348,1349,Directed,1186,,0.00034
1350,1351,Directed,1187,,0.001005
1350,1352,Directed,1188,,0.063
1358,1359,Directed,1189,,0.015468
1358,1360,Directed,1190,,1.107967
1360,1361,Directed,1191,,0.003417
1360,1360,Directed,1192,,1.104536
1362,1363,Directed,1193,,0.0057
1362,1362,Directed,1194,,0.002272
1364,1365,Directed,1195,,0.000005
1364,1364,Directed,1197,,0.000205
1378,1379,Directed,1198,,0.000575
1380,1381,Directed,1199,,0.008839
1380,1382,Directed,1200,,0.000089
1380,1380,Directed,1201,,0.000553
1383,1384,Directed,1202,,0.000612
1385,1386,Directed,1203,,0.01664
1387,1388,Directed,1204,,0.001175
1387,1389,Directed,1205,,0.000371
1390,586,Directed,1206,,0.3
1390,1390,Directed,1207,,0.148161
1392,1393,Directed,1209,,0.000294
1392,1392,Directed,1210,,0.00029
1395,1396,Directed,1211,,0.000734
1397,1398,Directed,1212,,0.000934
1397,1399,Directed,1213,,0.00006
1401,1402,Directed,1214,,0.000716
1403,1404,Directed,1215,,0.000115
1405,1406,Directed,1216,,0.002721
1407,1408,Directed,1217,,0.231667
1407,1409,Directed,1218,,0.004177
1410,165,Directed,1219,,0.666974
1410,1410,Directed,1220,,34.422306
1412,1413,Directed,1222,,0.004291
1414,1415,Directed,1223,,0.000369
1414,1416,Directed,1224,,0.0005
1414,1417,Directed,1225,,0.00071
1414,1418,Directed,1226,,0.001213
1414,1419,Directed,1227,,0.002625
1414,1420,Directed,1228,,0.240036
1421,1422,Directed,1229,,0.004001
1421,1421,Directed,1231,,0.438313
1424,1425,Directed,1232,,0.001422
1426,1427,Directed,1233,,0.000704
1426,1428,Directed,1234,,0.041013
1429,1430,Directed,1235,,0.001314
1431,1432,Directed,1236,,0.011125
1431,1433,Directed,1237,,0.00305
1431,1434,Directed,1238,,0.00447
1431,1435,Directed,1239,,0.001625
1431,1436,Directed,1240,,0.00305
1431,1437,Directed,1241,,0.001328
1431,1438,Directed,1242,,0.99952
1431,1439,Directed,1243,,0.134127
1440,1441,Directed,1244,,0.00059
1440,1442,Directed,1245,,0.090975
1440,1443,Directed,1246,,0.000657
1440,1444,Directed,1247,,0.00041
1440,1445,Directed,1248,,0.000474
1440,1446,Directed,1249,,0.001342
1440,1447,Directed,1250,,0.001342
1448,1449,Directed,1251,,0.2
1448,1448,Directed,1252,,0.733374
1450,1451,Directed,1253,,0.001757
1452,1453,Directed,1254,,0.001631
1452,1454,Directed,1255,,0.004209
1455,1456,Directed,1256,,0.002576
1455,1457,Directed,1257,,0.000939
1456,1458,Directed,1258,,0.002567
1459,1459,Directed,1259,,0.038935
1459,1460,Directed,1260,,0.010276
1461,1462,Directed,1261,,0.000013
1463,1464,Directed,1262,,0.000117
1463,1465,Directed,1263,,0.000047
1467,589,Directed,1264,,0.000003
1467,1467,Directed,1265,,0.000608
1468,1469,Directed,1266,,0.038479
1468,1470,Directed,1267,,0.013508
1471,589,Directed,1268,,0.000003
1471,1471,Directed,1269,,0.000351
1472,589,Directed,1270,,0.000003
1472,1472,Directed,1271,,0.000145
1473,1474,Directed,1272,,0.000016
1473,1475,Directed,1273,,0.005432
1481,1482,Directed,1274,,0.001526
1483,589,Directed,1275,,0.000003
1483,1483,Directed,1276,,0.000725
1484,589,Directed,1277,,0.000003
1484,1484,Directed,1278,,0.000204
1485,589,Directed,1279,,0.000003
1485,1485,Directed,1280,,0.001097
1486,1487,Directed,1281,,0.000007
1486,1488,Directed,1282,,0.000121
1489,1490,Directed,1283,,0.000176
1491,1492,Directed,1284,,0.000387
1491,1493,Directed,1285,,0.000161
1494,1495,Directed,1286,,0.000268
1496,1497,Directed,1287,,0.001303
1496,1498,Directed,1288,,0.023889
1496,1499,Directed,1289,,0.006394
1501,1502,Directed,1290,,0.000143
1501,1503,Directed,1291,,0.0004
1501,1501,Directed,1292,,0.365328
1501,1504,Directed,1293,,0.000284
