Id,Label,indegree,outdegree,Degree,weighted indegree,weighted outdegree,Weighted Degree,Eccentricity,closnesscentrality,harmonicclosnesscentrality,betweenesscentrality,modularity_class,clustering,triangles
0,0,0,166,166,0,166,166,8,0.310754,0.399597,0,0,0,0
1,1,1,6,7,1,6,7,4,0.516129,0.640625,16,30,0,0
2,2,1,12,13,1,12,13,5,0.424242,0.524405,56,1,0,0
3,3,1,0,1,1,0,1,0,0,0,0,0,0,0
4,4,1,2,3,1,2,3,2,0.666667,0.75,8,1,0,0
5,5,1,8,9,1,8,9,3,0.6,0.733333,15,23,0,0
6,6,1,4,5,1,4,5,4,0.441176,0.555556,15,50,0,0
7,7,1,12,13,1,12,13,5,0.438356,0.604687,32,35,0,0
8,8,1,22,23,1,22,23,7,0.321918,0.390738,282,2,0,0
9,9,1,1,2,1,1,2,2,0.666667,0.75,2,0,0,0
10,10,1,9,10,1,9,10,3,0.666667,0.770833,32,2,0,0
11,11,1,7,8,1,7,8,5,0.37069,0.464729,86,18,0,0
12,12,1,12,13,1,12,13,4,0.479167,0.576087,46,12,0,0
13,13,1,0,1,1,0,1,0,0,0,0,0,0,0
14,14,1,13,14,1,13,14,5,0.386935,0.480736,77,52,0,0
15,15,1,18,19,1,18,19,4,0.533333,0.649306,96,5,0,0
16,16,1,36,37,1,36,37,6,0.418953,0.529266,336,42,0,0
17,17,1,34,35,1,34,35,7,0.330606,0.438083,202,19,0,0
18,18,1,7,8,1,7,8,4,0.576923,0.705556,30,1,0,0
19,19,1,4,5,1,4,5,2,0.7,0.785714,7,4,0,0
20,20,1,1,2,1,1,2,2,0.538462,0.571429,14,19,0,0
21,21,1,3,4,1,3,4,3,0.485714,0.54902,34,22,0,0
22,22,1,3,4,1,3,4,2,0.8,0.875,8,19,0,0
23,23,1,4,5,1,4,5,3,0.636364,0.761905,14,30,0,0
24,24,1,3,4,1,3,4,2,0.666667,0.75,12,2,0,0
25,25,1,11,12,1,11,12,6,0.354067,0.447072,148,55,0,0
26,26,1,5,6,1,5,6,5,0.391304,0.470833,108,14,0,0
27,27,1,1,2,1,1,2,3,0.5,0.566667,5,44,0,0
28,28,1,1,2,1,1,2,1,1,1,1,0,0,0
29,29,1,7,8,1,7,8,3,0.6875,0.80303,33,5,0,0
30,30,1,6,7,1,6,7,2,0.75,0.833333,18,2,0,0
31,31,1,10,11,1,10,11,4,0.555556,0.704167,60,56,0,0
32,32,1,0,1,1,0,1,0,0,0,0,2,0,0
33,33,1,3,4,1,3,4,5,0.37069,0.429845,43,43,0,0
34,34,1,9,10,1,9,10,3,0.722222,0.833333,13,41,0,0
35,35,1,1,2,1,1,2,4,0.384615,0.483333,5,9,0,0
36,36,1,4,5,1,4,5,2,0.833333,0.9,5,47,0,0
37,37,1,1,2,1,1,2,2,0.666667,0.75,4,30,0,0
38,38,1,8,9,1,8,9,2,0.833333,0.9,30,42,0,0
39,39,1,9,10,1,9,10,4,0.52,0.63141,104,14,0,0
40,40,1,0,1,1,0,1,0,0,0,0,42,0,0
41,41,1,0,1,1,0,1,0,0,0,0,0,0,0
42,42,1,4,5,1,4,5,4,0.538462,0.72619,14,19,0,0
43,43,1,7,8,1,7,8,3,0.619048,0.74359,39,51,0,0
44,44,1,1,2,1,1,2,1,1,1,1,0,0,0
45,45,1,1,2,1,1,2,6,0.322917,0.356989,93,48,0,0
46,46,1,2,3,1,2,3,4,0.407407,0.492424,22,52,0,0
47,47,1,0,1,1,0,1,0,0,0,0,47,0,0
48,48,1,9,10,1,9,10,5,0.435897,0.558333,34,53,0,0
49,49,1,17,18,1,17,18,4,0.542857,0.679825,76,43,0,0
50,50,1,2,3,1,2,3,2,0.75,0.833333,3,0,0,0
51,51,1,1,2,1,1,2,3,0.428571,0.5,18,42,0,0
52,52,1,6,7,1,6,7,4,0.516129,0.640625,16,13,0,0
53,53,1,0,1,1,0,1,0,0,0,0,0,0,0
54,54,1,2,3,1,2,3,1,1,1,8,51,0,0
55,55,1,26,27,1,26,27,5,0.471795,0.581884,184,48,0,0
56,56,1,2,3,1,2,3,2,0.75,0.833333,15,14,0,0
57,57,1,3,4,1,3,4,3,0.529412,0.62963,18,50,0,0
58,58,1,2,3,1,2,3,1,1,1,2,0,0,0
59,59,1,1,2,1,1,2,1,1,1,2,0,0,0
60,60,1,0,1,1,0,1,0,0,0,0,19,0,0
61,61,1,9,10,1,9,10,4,0.538462,0.670635,63,39,0,0
62,62,1,4,5,1,4,5,5,0.3125,0.464444,45,6,0,0
63,63,1,1,2,1,1,2,4,0.333333,0.393939,44,6,0,0
64,64,1,1,2,1,1,2,1,1,1,2,35,0,0
65,65,1,1,2,1,1,2,1,1,1,2,53,0,0
66,66,1,4,5,1,4,5,3,0.55,0.651515,33,48,0,0
67,67,1,0,1,1,0,1,0,0,0,0,19,0,0
68,68,1,1,2,1,1,2,4,0.357143,0.425,20,35,0,0
69,69,1,8,9,1,8,9,3,0.612903,0.701754,57,40,0,0
70,70,1,0,1,1,0,1,0,0,0,0,2,0,0
71,71,1,0,1,1,0,1,0,0,0,0,39,0,0
72,72,1,0,1,1,0,1,0,0,0,0,0,0,0
73,73,1,4,5,1,4,5,3,0.636364,0.761905,14,13,0,0
74,74,1,7,8,1,7,8,2,0.769231,0.85,10,15,0,0
75,75,1,3,4,1,3,4,3,0.571429,0.666667,32,56,0,0
76,76,1,1,2,1,1,2,1,1,1,2,12,0,0
77,77,1,13,14,1,13,14,3,0.648649,0.756944,48,12,0,0
78,78,1,0,1,1,0,1,0,0,0,0,0,0,0
79,79,1,0,1,1,0,1,0,0,0,0,15,0,0
80,80,1,0,1,1,0,1,0,0,0,0,0,0,0
81,81,1,2,3,1,2,3,1,1,1,6,5,0,0
82,82,1,6,7,1,6,7,4,0.518519,0.666667,28,53,0,0
83,83,1,2,3,1,2,3,4,0.464286,0.532051,13,3,0,0
84,84,1,0,1,1,0,1,0,0,0,0,0,0,0
85,85,1,4,5,1,4,5,2,0.666667,0.75,8,34,0,0
86,86,1,2,3,1,2,3,1,1,1,8,39,0,0
87,87,1,2,3,1,2,3,5,0.36,0.410648,72,45,0,0
88,88,1,2,3,1,2,3,4,0.375,0.458333,12,26,0,0
89,89,1,7,8,1,7,8,3,0.714286,0.833333,20,3,0,0
90,90,1,1,2,1,1,2,1,1,1,3,2,0,0
91,91,1,0,1,1,0,1,0,0,0,0,5,0,0
92,92,1,4,5,1,4,5,2,0.75,0.833333,12,19,0,0
93,93,1,2,3,1,2,3,3,0.5,0.566667,20,26,0,0
94,94,1,6,7,1,6,7,4,0.48,0.572917,72,45,0,0
95,95,1,6,7,1,6,7,3,0.5,0.590909,22,32,0,0
96,96,1,0,1,1,0,1,0,0,0,0,0,0,0
97,97,1,4,5,1,4,5,3,0.485714,0.568627,34,1,0,0
98,98,1,0,1,1,0,1,0,0,0,0,55,0,0
99,99,1,1,2,1,1,2,2,0.666667,0.75,2,0,0,0
100,100,1,2,3,1,2,3,2,0.75,0.833333,12,45,0,0
101,101,1,3,4,1,3,4,3,0.5625,0.648148,36,45,0,0
102,102,1,6,7,1,6,7,2,0.8,0.875,24,1,0,0
103,103,1,7,8,1,7,8,3,0.714286,0.833333,30,45,0,0
104,104,1,0,1,1,0,1,0,0,0,0,0,0,0
105,105,1,6,7,1,6,7,2,0.875,0.928571,35,14,0,0
106,106,1,3,4,1,3,4,2,0.8,0.875,4,36,0,0
107,107,1,1,2,1,1,2,1,1,1,2,1,0,0
108,108,1,5,6,1,5,6,2,0.692308,0.777778,27,48,0,0
109,109,1,3,4,1,3,4,2,0.714286,0.8,15,48,0,0
110,110,1,0,1,1,0,1,0,0,0,0,0,0,0
111,111,1,1,2,1,1,2,1,1,1,2,50,0,0
112,112,1,0,1,1,0,1,0,0,0,0,42,0,0
113,113,1,2,3,1,2,3,1,1,1,6,42,0,0
114,114,1,0,1,1,0,1,0,0,0,0,5,0,0
115,115,1,0,1,1,0,1,0,0,0,0,56,0,0
116,116,1,3,4,1,3,4,2,0.8,0.875,4,29,0,0
117,117,1,0,1,1,0,1,0,0,0,0,42,0,0
118,118,1,2,3,1,2,3,3,0.571429,0.708333,12,1,0,0
119,119,1,0,1,1,0,1,0,0,0,0,0,0,0
120,120,1,1,2,1,1,2,2,0.666667,0.75,4,35,0,0
121,121,1,5,6,1,5,6,1,1,1,5,31,0,0
122,122,1,2,3,1,2,3,2,0.75,0.833333,6,19,0,0
123,123,1,0,1,1,0,1,0,0,0,0,2,0,0
124,124,1,4,5,1,4,5,2,0.75,0.833333,18,12,0,0
125,125,1,4,5,1,4,5,2,0.833333,0.9,15,42,0,0
126,126,1,2,3,1,2,3,1,1,1,6,5,0,0
127,127,1,0,1,1,0,1,0,0,0,0,0,0,0
128,128,1,2,3,1,2,3,2,0.6,0.666667,18,18,0,0
129,129,1,8,9,1,8,9,2,0.785714,0.863636,22,32,0,0
130,130,1,2,3,1,2,3,1,1,1,6,55,0,0
131,131,1,4,5,1,4,5,3,0.583333,0.738095,21,53,0,0
132,132,1,3,4,1,3,4,5,0.369231,0.449306,24,25,0,0
133,133,1,1,2,1,1,2,1,1,1,3,43,0,0
134,134,1,7,8,1,7,8,4,0.5,0.620833,40,25,0,0
135,135,1,4,5,1,4,5,1,1,1,16,18,0,0
136,136,1,3,4,1,3,4,1,1,1,9,55,0,0
137,137,1,5,6,1,5,6,3,0.6,0.740741,18,53,0,0
138,138,1,0,1,1,0,1,0,0,0,0,14,0,0
139,139,1,3,4,1,3,4,2,0.8,0.875,16,5,0,0
140,140,1,2,3,1,2,3,3,0.555556,0.666667,10,19,0,0
141,141,1,7,8,1,7,8,2,0.888889,0.9375,32,40,0,0
142,142,1,12,13,1,12,13,5,0.4625,0.590991,37,37,0,0
143,143,1,7,8,1,7,8,3,0.527778,0.640351,57,21,0,0
144,144,1,0,1,1,0,1,0,0,0,0,43,0,0
145,145,1,2,3,1,2,3,1,1,1,10,45,0,0
146,146,1,1,2,1,1,2,2,0.666667,0.75,2,0,0,0
147,147,1,5,6,1,5,6,3,0.625,0.733333,10,54,0,0
148,148,1,0,1,1,0,1,0,0,0,0,42,0,0
149,149,1,0,1,1,0,1,0,0,0,0,5,0,0
150,150,1,4,5,1,4,5,1,1,1,16,45,0,0
151,151,1,0,1,1,0,1,0,0,0,0,5,0,0
152,152,1,4,5,1,4,5,2,0.666667,0.75,8,7,0,0
153,153,1,0,1,1,0,1,0,0,0,0,41,0,0
154,154,1,4,5,1,4,5,3,0.521739,0.625,12,8,0,0
155,155,1,0,1,1,0,1,0,0,0,0,0,0,0
156,156,1,0,1,1,0,1,0,0,0,0,19,0,0
157,157,1,0,1,1,0,1,0,0,0,0,18,0,0
158,158,1,1,2,1,1,2,1,1,1,3,43,0,0
159,159,1,2,3,1,2,3,1,1,1,6,2,0,0
160,160,1,7,8,1,7,8,4,0.5,0.678571,14,46,0,0
161,161,1,3,4,1,3,4,1,1,1,9,2,0,0
162,162,1,0,1,1,0,1,0,0,0,0,2,0,0
163,163,1,0,1,1,0,1,0,0,0,0,55,0,0
164,164,1,0,1,1,0,1,0,0,0,0,0,0,0
165,165,1,0,1,1,0,1,0,0,0,0,0,0,0
166,166,1,4,5,1,4,5,3,0.516129,0.59375,48,55,0,0
167,167,1,0,1,1,0,1,0,0,0,0,1,0,0
168,168,1,0,1,1,0,1,0,0,0,0,43,0,0
169,169,1,1,2,1,1,2,1,1,1,4,40,0,0
170,170,1,0,1,1,0,1,0,0,0,0,0,0,0
171,171,1,2,3,1,2,3,2,0.75,0.833333,12,45,0,0
172,172,1,9,10,1,9,10,4,0.467742,0.586207,87,18,0,0
173,173,1,3,4,1,3,4,3,0.5,0.611111,27,35,0,0
174,174,1,4,5,1,4,5,3,0.636364,0.761905,7,33,0,0
175,175,1,0,1,1,0,1,0,0,0,0,48,0,0
176,176,1,0,1,1,0,1,0,0,0,0,0,0,0
177,177,1,1,2,1,1,2,2,0.666667,0.75,8,21,0,0
178,178,1,2,3,1,2,3,1,1,1,4,1,0,0
179,179,1,1,2,1,1,2,1,1,1,2,15,0,0
180,180,1,1,2,1,1,2,1,1,1,2,4,0,0
181,181,1,1,2,1,1,2,3,0.5,0.541667,16,37,0,0
182,182,1,0,1,1,0,1,0,0,0,0,43,0,0
183,183,1,2,3,1,2,3,2,0.75,0.833333,12,18,0,0
184,184,1,0,1,1,0,1,0,0,0,0,31,0,0
185,185,1,0,1,1,0,1,0,0,0,0,0,0,0
186,186,1,2,3,1,2,3,2,0.75,0.833333,9,30,0,0
187,187,1,2,3,1,2,3,2,0.75,0.833333,6,8,0,0
188,188,1,7,8,1,7,8,2,0.769231,0.85,10,11,0,0
189,189,1,0,1,1,0,1,0,0,0,0,12,0,0
190,190,1,6,7,1,6,7,4,0.466667,0.579365,21,16,0,0
191,191,1,1,2,1,1,2,2,0.666667,0.75,2,0,0,0
192,192,1,0,1,1,0,1,0,0,0,0,16,0,0
193,193,1,1,2,1,1,2,2,0.666667,0.75,4,43,0,0
194,194,1,2,3,1,2,3,2,0.666667,0.75,16,51,0,0
195,195,1,1,2,1,1,2,2,0.571429,0.625,4,0,0,0
196,196,1,0,1,1,0,1,0,0,0,0,23,0,0
197,197,1,4,5,1,4,5,4,0.533333,0.697917,16,37,0,0
198,198,1,0,1,1,0,1,0,0,0,0,56,0,0
199,199,1,1,2,1,1,2,1,1,1,3,19,0,0
200,200,1,0,1,1,0,1,0,0,0,0,18,0,0
201,201,1,2,3,1,2,3,2,0.75,0.833333,12,18,0,0
202,202,1,0,1,1,0,1,0,0,0,0,54,0,0
203,203,1,0,1,1,0,1,0,0,0,0,43,0,0
204,204,1,5,6,1,5,6,1,1,1,5,20,0,0
205,205,1,0,1,1,0,1,0,0,0,0,18,0,0
206,206,1,2,3,1,2,3,2,0.75,0.833333,6,8,0,0
207,207,1,0,1,1,0,1,0,0,0,0,0,0,0
208,208,1,0,1,1,0,1,0,0,0,0,53,0,0
209,209,1,0,1,1,0,1,0,0,0,0,2,0,0
210,210,1,1,2,1,1,2,1,1,1,2,19,0,0
211,211,1,1,2,1,1,2,3,0.461538,0.527778,18,43,0,0
212,212,1,0,1,1,0,1,0,0,0,0,19,0,0
213,213,1,0,1,1,0,1,0,0,0,0,35,0,0
214,214,1,2,3,1,2,3,3,0.545455,0.638889,6,28,0,0
215,215,1,2,3,1,2,3,2,0.75,0.833333,6,54,0,0
216,216,1,2,3,1,2,3,1,1,1,4,35,0,0
217,217,1,0,1,1,0,1,0,0,0,0,5,0,0
218,218,1,0,1,1,0,1,0,0,0,0,12,0,0
219,219,1,2,3,1,2,3,2,0.625,0.7,20,39,0,0
220,220,1,3,4,1,3,4,1,1,1,3,0,0,0
221,221,1,0,1,1,0,1,0,0,0,0,12,0,0
222,222,1,5,6,1,5,6,4,0.516129,0.619792,16,17,0,0
223,223,1,0,1,1,0,1,0,0,0,0,45,0,0
224,224,1,0,1,1,0,1,0,0,0,0,53,0,0
225,225,1,0,1,1,0,1,0,0,0,0,46,0,0
226,226,1,5,6,1,5,6,2,0.857143,0.916667,18,42,0,0
227,227,1,1,2,1,1,2,1,1,1,4,42,0,0
228,228,1,2,3,1,2,3,1,1,1,6,43,0,0
229,229,1,6,7,1,6,7,1,1,1,18,19,0,0
230,230,1,3,4,1,3,4,2,0.8,0.875,4,24,0,0
231,231,1,0,1,1,0,1,0,0,0,0,1,0,0
232,232,1,1,2,1,1,2,2,0.666667,0.75,6,42,0,0
233,233,1,0,1,1,0,1,0,0,0,0,32,0,0
234,234,1,1,2,1,1,2,1,1,1,5,51,0,0
235,235,1,1,2,1,1,2,1,1,1,5,39,0,0
236,236,1,0,1,1,0,1,0,0,0,0,19,0,0
237,237,1,0,1,1,0,1,0,0,0,0,48,0,0
238,238,1,6,7,1,6,7,2,0.8,0.875,24,5,0,0
239,239,1,0,1,1,0,1,0,0,0,0,53,0,0
240,240,1,0,1,1,0,1,0,0,0,0,19,0,0
241,241,1,1,2,1,1,2,1,1,1,3,43,0,0
242,242,1,1,2,1,1,2,1,1,1,3,32,0,0
243,243,1,2,3,1,2,3,3,0.555556,0.666667,10,19,0,0
244,244,1,6,7,1,6,7,2,0.75,0.833333,36,55,0,0
245,245,1,1,2,1,1,2,2,0.666667,0.75,6,3,0,0
246,246,1,0,1,1,0,1,0,0,0,0,18,0,0
247,247,1,0,1,1,0,1,0,0,0,0,41,0,0
248,248,1,0,1,1,0,1,0,0,0,0,24,0,0
249,249,1,0,1,1,0,1,0,0,0,0,52,0,0
250,250,1,1,2,1,1,2,2,0.6,0.666667,12,53,0,0
251,251,1,2,3,1,2,3,3,0.454545,0.533333,50,6,0,0
252,252,1,0,1,1,0,1,0,0,0,0,19,0,0
253,253,1,0,1,1,0,1,0,0,0,0,39,0,0
254,254,1,0,1,1,0,1,0,0,0,0,42,0,0
255,255,1,2,3,1,2,3,1,1,1,4,11,0,0
256,256,1,0,1,1,0,1,0,0,0,0,12,0,0
257,257,1,1,2,1,1,2,1,1,1,4,48,0,0
258,258,1,0,1,1,0,1,0,0,0,0,37,0,0
259,259,1,1,2,1,1,2,3,0.5,0.566667,10,2,0,0
260,260,1,0,1,1,0,1,0,0,0,0,33,0,0
261,261,1,2,3,1,2,3,2,0.75,0.833333,3,0,0,0
262,262,1,3,4,1,3,4,2,0.8,0.875,8,44,0,0
263,263,1,0,1,1,0,1,0,0,0,0,24,0,0
264,264,1,1,2,1,1,2,1,1,1,3,12,0,0
265,265,1,0,1,1,0,1,0,0,0,0,25,0,0
266,266,1,3,4,1,3,4,3,0.52381,0.606061,44,18,0,0
267,267,1,6,7,1,6,7,3,0.590909,0.705128,26,16,0,0
268,268,1,0,1,1,0,1,0,0,0,0,45,0,0
269,269,1,0,1,1,0,1,0,0,0,0,0,0,0
270,270,1,1,2,1,1,2,3,0.5,0.566667,15,5,0,0
271,271,1,1,2,1,1,2,1,1,1,3,32,0,0
272,272,1,0,1,1,0,1,0,0,0,0,18,0,0
273,273,1,1,2,1,1,2,1,1,1,3,48,0,0
274,274,1,1,2,1,1,2,1,1,1,3,8,0,0
275,275,1,0,1,1,0,1,0,0,0,0,40,0,0
276,276,1,1,2,1,1,2,3,0.5,0.566667,15,25,0,0
277,277,1,1,2,1,1,2,1,1,1,1,0,0,0
278,278,1,2,3,1,2,3,2,0.75,0.833333,9,19,0,0
279,279,1,0,1,1,0,1,0,0,0,0,2,0,0
280,280,1,0,1,1,0,1,0,0,0,0,51,0,0
281,281,1,1,2,1,1,2,1,1,1,1,0,0,0
282,282,1,4,5,1,4,5,2,0.666667,0.75,24,48,0,0
283,283,1,6,7,1,6,7,3,0.692308,0.814815,18,17,0,0
284,284,1,1,2,1,1,2,1,1,1,5,14,0,0
285,285,1,4,5,1,4,5,2,0.666667,0.75,48,6,0,0
286,286,1,0,1,1,0,1,0,0,0,0,12,0,0
287,287,1,0,1,1,0,1,0,0,0,0,30,0,0
288,288,1,0,1,1,0,1,0,0,0,0,42,0,0
289,289,1,1,2,1,1,2,1,1,1,3,43,0,0
290,290,1,0,1,1,0,1,0,0,0,0,0,0,0
291,291,1,1,2,1,1,2,1,1,1,3,2,0,0
292,292,1,3,4,1,3,4,2,0.714286,0.8,5,38,0,0
293,293,1,2,3,1,2,3,2,0.75,0.833333,6,37,0,0
294,294,1,0,1,1,0,1,0,0,0,0,2,0,0
295,295,1,1,2,1,1,2,1,1,1,4,42,0,0
296,296,1,4,5,1,4,5,2,0.7,0.785714,14,12,0,0
297,297,1,1,2,1,1,2,3,0.5,0.566667,25,14,0,0
298,298,1,3,4,1,3,4,1,1,1,9,12,0,0
299,299,1,1,2,1,1,2,2,0.666667,0.75,6,2,0,0
300,300,1,0,1,1,0,1,0,0,0,0,13,0,0
301,301,1,0,1,1,0,1,0,0,0,0,53,0,0
302,302,1,0,1,1,0,1,0,0,0,0,4,0,0
303,303,1,0,1,1,0,1,0,0,0,0,3,0,0
304,304,1,3,4,1,3,4,1,1,1,6,52,0,0
305,305,1,2,3,1,2,3,1,1,1,4,23,0,0
306,306,1,0,1,1,0,1,0,0,0,0,0,0,0
307,307,1,3,4,1,3,4,2,0.8,0.875,8,1,0,0
308,308,1,0,1,1,0,1,0,0,0,0,18,0,0
309,309,1,1,2,1,1,2,1,1,1,3,48,0,0
310,310,1,2,3,1,2,3,1,1,1,10,55,0,0
311,311,1,0,1,1,0,1,0,0,0,0,53,0,0
312,312,1,1,2,1,1,2,2,0.6,0.666667,6,35,0,0
313,313,1,3,4,1,3,4,2,0.8,0.875,24,14,0,0
314,314,1,0,1,1,0,1,0,0,0,0,17,0,0
315,315,1,3,4,1,3,4,1,1,1,9,42,0,0
316,316,1,1,2,1,1,2,3,0.5,0.566667,5,49,0,0
317,317,1,1,2,1,1,2,1,1,1,3,19,0,0
318,318,1,4,5,1,4,5,2,0.833333,0.9,20,48,0,0
319,319,1,0,1,1,0,1,0,0,0,0,14,0,0
320,320,1,0,1,1,0,1,0,0,0,0,0,0,0
321,321,1,0,1,1,0,1,0,0,0,0,5,0,0
322,322,1,0,1,1,0,1,0,0,0,0,0,0,0
323,323,1,1,2,1,1,2,1,1,1,1,0,0,0
324,324,1,3,4,1,3,4,1,1,1,6,7,0,0
325,325,1,2,3,1,2,3,2,0.75,0.833333,6,13,0,0
326,326,1,1,2,1,1,2,2,0.666667,0.75,6,42,0,0
327,327,1,2,3,1,2,3,2,0.75,0.833333,9,19,0,0
328,328,1,3,4,1,3,4,1,1,1,9,26,0,0
329,329,1,0,1,1,0,1,0,0,0,0,0,0,0
330,330,1,1,2,1,1,2,1,1,1,2,12,0,0
331,331,1,0,1,1,0,1,0,0,0,0,45,0,0
332,332,1,2,3,1,2,3,2,0.75,0.833333,6,37,0,0
333,333,1,0,1,1,0,1,0,0,0,0,42,0,0
334,334,1,1,2,1,1,2,1,1,1,4,1,0,0
335,335,1,1,2,1,1,2,1,1,1,5,14,0,0
336,336,1,7,8,1,7,8,2,0.705882,0.791667,12,10,0,0
337,337,1,3,4,1,3,4,2,0.714286,0.8,15,43,0,0
338,338,1,0,1,1,0,1,0,0,0,0,14,0,0
339,339,1,0,1,1,0,1,0,0,0,0,52,0,0
340,340,1,2,3,1,2,3,2,0.625,0.7,10,23,0,0
341,341,1,1,2,1,1,2,1,1,1,3,30,0,0
342,342,1,1,2,1,1,2,1,1,1,5,5,0,0
343,343,1,4,5,1,4,5,2,0.75,0.833333,30,18,0,0
344,344,1,3,4,1,3,4,2,0.714286,0.8,15,26,0,0
345,345,1,0,1,1,0,1,0,0,0,0,19,0,0
346,346,1,3,4,1,3,4,3,0.625,0.766667,20,39,0,0
347,347,1,2,3,1,2,3,1,1,1,6,48,0,0
348,348,1,0,1,1,0,1,0,0,0,0,45,0,0
349,349,1,1,2,1,1,2,1,1,1,3,35,0,0
350,350,1,6,7,1,6,7,2,0.875,0.928571,21,37,0,0
351,351,1,0,1,1,0,1,0,0,0,0,0,0,0
352,352,1,0,1,1,0,1,0,0,0,0,39,0,0
353,353,1,0,1,1,0,1,0,0,0,0,16,0,0
354,354,1,1,2,1,1,2,1,1,1,5,48,0,0
355,355,1,1,2,1,1,2,1,1,1,4,30,0,0
356,356,1,3,4,1,3,4,1,1,1,9,42,0,0
357,357,1,2,3,1,2,3,3,0.545455,0.638889,12,2,0,0
358,358,1,1,2,1,1,2,2,0.6,0.666667,9,53,0,0
359,359,1,1,2,1,1,2,1,1,1,2,30,0,0
360,360,1,1,2,1,1,2,1,1,1,3,8,0,0
361,361,1,0,1,1,0,1,0,0,0,0,56,0,0
362,362,1,2,3,1,2,3,1,1,1,4,38,0,0
363,363,1,0,1,1,0,1,0,0,0,0,56,0,0
364,364,1,0,1,1,0,1,0,0,0,0,46,0,0
365,365,1,4,5,1,4,5,2,0.75,0.833333,18,16,0,0
366,366,1,3,4,1,3,4,2,0.8,0.875,16,14,0,0
367,367,1,0,1,1,0,1,0,0,0,0,45,0,0
368,368,1,0,1,1,0,1,0,0,0,0,26,0,0
369,369,1,1,2,1,1,2,3,0.5,0.583333,8,9,0,0
370,370,1,3,4,1,3,4,3,0.5625,0.648148,27,52,0,0
371,371,1,1,2,1,1,2,2,0.6,0.666667,12,21,0,0
372,372,1,0,1,1,0,1,0,0,0,0,37,0,0
373,373,1,2,3,1,2,3,2,0.625,0.7,20,42,0,0
374,374,1,2,3,1,2,3,1,1,1,10,39,0,0
375,375,1,2,3,1,2,3,2,0.625,0.7,10,32,0,0
376,376,1,3,4,1,3,4,2,0.8,0.875,12,2,0,0
377,377,1,1,2,1,1,2,3,0.5,0.611111,9,19,0,0
378,378,1,0,1,1,0,1,0,0,0,0,26,0,0
379,379,1,1,2,1,1,2,1,1,1,1,0,0,0
380,380,1,2,3,1,2,3,2,0.75,0.833333,3,0,0,0
381,381,1,0,1,1,0,1,0,0,0,0,45,0,0
382,382,1,0,1,1,0,1,0,0,0,0,19,0,0
383,383,1,1,2,1,1,2,1,1,1,2,1,0,0
384,384,1,8,9,1,8,9,2,0.75,0.833333,36,22,0,0
385,385,1,0,1,1,0,1,0,0,0,0,38,0,0
386,386,1,2,3,1,2,3,1,1,1,8,48,0,0
387,387,1,0,1,1,0,1,0,0,0,0,53,0,0
388,388,1,0,1,1,0,1,0,0,0,0,0,0,0
389,389,1,0,1,1,0,1,0,0,0,0,39,0,0
390,390,1,0,1,1,0,1,0,0,0,0,18,0,0
391,391,1,1,2,1,1,2,1,1,1,3,2,0,0
392,392,1,3,4,1,3,4,2,0.8,0.875,16,5,0,0
393,393,1,0,1,1,0,1,0,0,0,0,0,0,0
394,394,1,0,1,1,0,1,0,0,0,0,35,0,0
395,395,1,0,1,1,0,1,0,0,0,0,46,0,0
396,396,1,1,2,1,1,2,1,1,1,3,12,0,0
397,397,1,1,2,1,1,2,1,1,1,5,18,0,0
398,398,1,0,1,1,0,1,0,0,0,0,2,0,0
399,399,1,2,3,1,2,3,1,1,1,10,53,0,0
400,400,1,1,2,1,1,2,1,1,1,3,13,0,0
401,401,1,0,1,1,0,1,0,0,0,0,2,0,0
402,402,1,0,1,1,0,1,0,0,0,0,0,0,0
403,403,1,3,4,1,3,4,3,0.625,0.766667,5,27,0,0
404,404,1,2,3,1,2,3,1,1,1,2,0,0,0
405,405,1,3,4,1,3,4,2,0.8,0.875,12,42,0,0
406,406,1,2,3,1,2,3,1,1,1,4,4,0,0
407,407,1,0,1,1,0,1,0,0,0,0,0,0,0
408,408,1,1,2,1,1,2,1,1,1,4,48,0,0
409,409,1,0,1,1,0,1,0,0,0,0,5,0,0
410,410,1,4,5,1,4,5,1,1,1,12,1,0,0
411,411,1,2,3,1,2,3,2,0.625,0.7,20,35,0,0
412,412,1,0,1,1,0,1,0,0,0,0,37,0,0
413,413,1,3,4,1,3,4,2,0.714286,0.8,20,43,0,0
414,414,1,0,1,1,0,1,0,0,0,0,3,0,0
415,415,1,0,1,1,0,1,0,0,0,0,6,0,0
416,416,1,0,1,1,0,1,0,0,0,0,0,0,0
417,417,1,3,4,1,3,4,1,1,1,9,32,0,0
418,418,1,1,2,1,1,2,1,1,1,6,18,0,0
419,419,1,2,3,1,2,3,3,0.571429,0.708333,12,37,0,0
420,420,1,0,1,1,0,1,0,0,0,0,2,0,0
421,421,1,1,2,1,1,2,1,1,1,7,6,0,0
422,422,1,0,1,1,0,1,0,0,0,0,56,0,0
423,423,1,0,1,1,0,1,0,0,0,0,14,0,0
424,424,1,0,1,1,0,1,0,0,0,0,6,0,0
425,425,1,0,1,1,0,1,0,0,0,0,52,0,0
426,426,1,0,1,1,0,1,0,0,0,0,19,0,0
427,427,1,1,2,1,1,2,2,0.666667,0.75,8,19,0,0
428,428,1,0,1,1,0,1,0,0,0,0,2,0,0
429,429,1,0,1,1,0,1,0,0,0,0,42,0,0
430,430,1,0,1,1,0,1,0,0,0,0,19,0,0
431,431,1,0,1,1,0,1,0,0,0,0,10,0,0
432,432,1,0,1,1,0,1,0,0,0,0,52,0,0
433,433,1,0,1,1,0,1,0,0,0,0,40,0,0
434,434,1,0,1,1,0,1,0,0,0,0,14,0,0
435,435,1,0,1,1,0,1,0,0,0,0,42,0,0
436,436,1,0,1,1,0,1,0,0,0,0,5,0,0
437,437,1,1,2,1,1,2,1,1,1,2,7,0,0
438,438,1,2,3,1,2,3,2,0.75,0.833333,9,9,0,0
439,439,1,3,4,1,3,4,2,0.8,0.875,16,25,0,0
440,440,1,0,1,1,0,1,0,0,0,0,1,0,0
441,441,1,0,1,1,0,1,0,0,0,0,46,0,0
442,442,1,0,1,1,0,1,0,0,0,0,42,0,0
443,443,1,1,2,1,1,2,1,1,1,3,16,0,0
444,444,1,2,3,1,2,3,3,0.5,0.595238,14,46,0,0
445,445,1,0,1,1,0,1,0,0,0,0,30,0,0
446,446,1,2,3,1,2,3,1,1,1,8,21,0,0
447,447,1,0,1,1,0,1,0,0,0,0,19,0,0
448,448,1,1,2,1,1,2,1,1,1,3,42,0,0
449,449,1,1,2,1,1,2,1,1,1,5,19,0,0
450,450,1,0,1,1,0,1,0,0,0,0,52,0,0
451,451,1,0,1,1,0,1,0,0,0,0,42,0,0
452,452,1,1,2,1,1,2,2,0.666667,0.75,4,41,0,0
453,453,1,0,1,1,0,1,0,0,0,0,12,0,0
454,454,1,2,3,1,2,3,1,1,1,8,53,0,0
455,455,1,3,4,1,3,4,2,0.8,0.875,12,2,0,0
456,456,1,0,1,1,0,1,0,0,0,0,19,0,0
457,457,1,0,1,1,0,1,0,0,0,0,35,0,0
458,458,1,0,1,1,0,1,0,0,0,0,46,0,0
459,459,1,0,1,1,0,1,0,0,0,0,32,0,0
460,460,1,0,1,1,0,1,0,0,0,0,0,0,0
461,461,1,1,2,1,1,2,1,1,1,3,2,0,0
462,462,1,0,1,1,0,1,0,0,0,0,5,0,0
463,463,1,0,1,1,0,1,0,0,0,0,11,0,0
464,464,1,0,1,1,0,1,0,0,0,0,2,0,0
465,465,1,0,1,1,0,1,0,0,0,0,15,0,0
466,466,1,1,2,1,1,2,1,1,1,4,5,0,0
467,467,1,0,1,1,0,1,0,0,0,0,12,0,0
468,468,1,3,4,1,3,4,2,0.714286,0.8,15,50,0,0
469,469,1,1,2,1,1,2,1,1,1,3,12,0,0
470,470,1,1,2,1,1,2,1,1,1,3,12,0,0
471,471,1,0,1,1,0,1,0,0,0,0,0,0,0
472,472,1,3,4,1,3,4,2,0.714286,0.8,15,43,0,0
473,473,1,1,2,1,1,2,1,1,1,2,25,0,0
474,474,1,0,1,1,0,1,0,0,0,0,14,0,0
475,475,1,1,2,1,1,2,1,1,1,4,48,0,0
476,476,1,0,1,1,0,1,0,0,0,0,42,0,0
477,477,1,0,1,1,0,1,0,0,0,0,0,0,0
478,478,1,3,4,1,3,4,1,1,1,21,6,0,0
479,479,1,0,1,1,0,1,0,0,0,0,7,0,0
480,480,1,0,1,1,0,1,0,0,0,0,55,0,0
481,481,1,0,1,1,0,1,0,0,0,0,8,0,0
482,482,1,2,3,1,2,3,2,0.75,0.833333,9,13,0,0
483,483,1,0,1,1,0,1,0,0,0,0,1,0,0
484,484,1,0,1,1,0,1,0,0,0,0,11,0,0
485,485,1,1,2,1,1,2,1,1,1,2,0,0,0
486,486,1,0,1,1,0,1,0,0,0,0,0,0,0
487,487,1,0,1,1,0,1,0,0,0,0,2,0,0
488,488,1,1,2,1,1,2,1,1,1,4,45,0,0
489,489,1,0,1,1,0,1,0,0,0,0,4,0,0
490,490,1,2,3,1,2,3,2,0.75,0.833333,9,17,0,0
491,491,1,1,2,1,1,2,1,1,1,3,50,0,0
492,492,1,0,1,1,0,1,0,0,0,0,38,0,0
493,493,1,0,1,1,0,1,0,0,0,0,21,0,0
494,494,1,2,3,1,2,3,1,1,1,10,35,0,0
495,495,1,0,1,1,0,1,0,0,0,0,4,0,0
496,496,1,1,2,1,1,2,1,1,1,3,2,0,0
497,497,1,0,1,1,0,1,0,0,0,0,40,0,0
498,498,1,0,1,1,0,1,0,0,0,0,2,0,0
499,499,1,0,1,1,0,1,0,0,0,0,0,0,0
500,500,1,1,2,1,1,2,1,1,1,3,25,0,0
501,501,1,1,2,1,1,2,1,1,1,4,48,0,0
502,502,1,0,1,1,0,1,0,0,0,0,19,0,0
503,503,1,1,2,1,1,2,1,1,1,2,37,0,0
504,504,1,0,1,1,0,1,0,0,0,0,48,0,0
505,505,1,1,2,1,1,2,1,1,1,2,0,0,0
506,506,1,0,1,1,0,1,0,0,0,0,18,0,0
507,507,1,1,2,1,1,2,1,1,1,4,12,0,0
508,508,1,1,2,1,1,2,2,0.666667,0.75,4,27,0,0
509,509,1,0,1,1,0,1,0,0,0,0,37,0,0
510,510,1,1,2,1,1,2,2,0.666667,0.75,8,1,0,0
511,511,1,0,1,1,0,1,0,0,0,0,55,0,0
512,512,1,1,2,1,1,2,1,1,1,3,48,0,0
513,513,1,1,2,1,1,2,1,1,1,3,5,0,0
514,514,1,0,1,1,0,1,0,0,0,0,2,0,0
515,515,1,0,1,1,0,1,0,0,0,0,0,0,0
516,516,1,2,3,1,2,3,1,1,1,6,35,0,0
517,517,1,1,2,1,1,2,1,1,1,2,10,0,0
518,518,1,0,1,1,0,1,0,0,0,0,12,0,0
519,519,1,0,1,1,0,1,0,0,0,0,19,0,0
520,520,1,0,1,1,0,1,0,0,0,0,43,0,0
521,521,1,0,1,1,0,1,0,0,0,0,20,0,0
522,522,1,1,2,1,1,2,1,1,1,4,3,0,0
523,523,1,1,2,1,1,2,1,1,1,2,0,0,0
524,524,1,0,1,1,0,1,0,0,0,0,9,0,0
525,525,1,3,4,1,3,4,1,1,1,6,0,0,0
526,526,1,0,1,1,0,1,0,0,0,0,16,0,0
527,527,1,0,1,1,0,1,0,0,0,0,12,0,0
528,528,1,1,2,1,1,2,2,0.666667,0.75,2,0,0,0
529,529,1,0,1,1,0,1,0,0,0,0,17,0,0
530,530,1,1,2,1,1,2,1,1,1,4,2,0,0
531,531,1,2,3,1,2,3,1,1,1,6,19,0,0
532,532,1,0,1,1,0,1,0,0,0,0,18,0,0
533,533,1,0,1,1,0,1,0,0,0,0,15,0,0
534,534,1,1,2,1,1,2,1,1,1,2,35,0,0
535,535,1,0,1,1,0,1,0,0,0,0,11,0,0
536,536,1,0,1,1,0,1,0,0,0,0,21,0,0
537,537,1,0,1,1,0,1,0,0,0,0,48,0,0
538,538,1,3,4,1,3,4,1,1,1,6,10,0,0
539,539,1,0,1,1,0,1,0,0,0,0,6,0,0
540,540,1,3,4,1,3,4,1,1,1,12,52,0,0
541,541,1,0,1,1,0,1,0,0,0,0,6,0,0
542,542,1,1,2,1,1,2,1,1,1,3,54,0,0
543,543,1,0,1,1,0,1,0,0,0,0,42,0,0
544,544,1,0,1,1,0,1,0,0,0,0,14,0,0
545,545,1,0,1,1,0,1,0,0,0,0,42,0,0
546,546,1,0,1,1,0,1,0,0,0,0,3,0,0
547,547,1,0,1,1,0,1,0,0,0,0,15,0,0
548,548,1,1,2,1,1,2,1,1,1,5,21,0,0
549,549,1,0,1,1,0,1,0,0,0,0,26,0,0
550,550,1,2,3,1,2,3,1,1,1,8,40,0,0
551,551,1,2,3,1,2,3,1,1,1,6,22,0,0
552,552,1,0,1,1,0,1,0,0,0,0,40,0,0
553,553,1,0,1,1,0,1,0,0,0,0,0,0,0
554,554,1,1,2,1,1,2,1,1,1,4,42,0,0
555,555,1,0,1,1,0,1,0,0,0,0,0,0,0
556,556,1,0,1,1,0,1,0,0,0,0,43,0,0
557,557,1,0,1,1,0,1,0,0,0,0,37,0,0
558,558,1,0,1,1,0,1,0,0,0,0,6,0,0
559,559,1,1,2,1,1,2,1,1,1,3,37,0,0
560,560,1,0,1,1,0,1,0,0,0,0,29,0,0
561,561,1,0,1,1,0,1,0,0,0,0,30,0,0
562,562,1,1,2,1,1,2,1,1,1,3,18,0,0
563,563,1,0,1,1,0,1,0,0,0,0,30,0,0
564,564,1,4,5,1,4,5,2,0.833333,0.9,15,55,0,0
565,565,1,0,1,1,0,1,0,0,0,0,48,0,0
566,566,1,0,1,1,0,1,0,0,0,0,5,0,0
567,567,1,0,1,1,0,1,0,0,0,0,8,0,0
568,568,1,2,3,1,2,3,1,1,1,6,25,0,0
569,569,1,0,1,1,0,1,0,0,0,0,8,0,0
570,570,1,0,1,1,0,1,0,0,0,0,55,0,0
571,571,1,0,1,1,0,1,0,0,0,0,0,0,0
572,572,1,0,1,1,0,1,0,0,0,0,48,0,0
573,573,1,0,1,1,0,1,0,0,0,0,18,0,0
574,574,1,0,1,1,0,1,0,0,0,0,0,0,0
575,575,1,0,1,1,0,1,0,0,0,0,11,0,0
576,576,1,1,2,1,1,2,1,1,1,1,0,0,0
577,577,1,0,1,1,0,1,0,0,0,0,12,0,0
578,578,1,1,2,1,1,2,1,1,1,3,27,0,0
579,579,1,3,4,1,3,4,2,0.714286,0.8,20,21,0,0
580,580,1,1,2,1,1,2,1,1,1,1,0,0,0
581,581,1,1,2,1,1,2,1,1,1,5,42,0,0
582,582,1,0,1,1,0,1,0,0,0,0,22,0,0
583,583,1,0,1,1,0,1,0,0,0,0,42,0,0
584,584,1,2,3,1,2,3,2,0.75,0.833333,6,2,0,0
585,585,1,0,1,1,0,1,0,0,0,0,41,0,0
586,586,1,1,2,1,1,2,1,1,1,3,42,0,0
587,587,1,1,2,1,1,2,1,1,1,2,47,0,0
588,588,1,0,1,1,0,1,0,0,0,0,19,0,0
589,589,1,0,1,1,0,1,0,0,0,0,16,0,0
590,590,1,2,3,1,2,3,1,1,1,4,52,0,0
591,591,1,0,1,1,0,1,0,0,0,0,6,0,0
592,592,1,0,1,1,0,1,0,0,0,0,13,0,0
593,593,1,0,1,1,0,1,0,0,0,0,35,0,0
594,594,1,0,1,1,0,1,0,0,0,0,1,0,0
595,595,1,1,2,1,1,2,1,1,1,3,48,0,0
596,596,1,0,1,1,0,1,0,0,0,0,54,0,0
597,597,1,1,2,1,1,2,1,1,1,2,24,0,0
598,598,1,1,2,1,1,2,1,1,1,6,14,0,0
599,599,1,0,1,1,0,1,0,0,0,0,43,0,0
600,600,1,0,1,1,0,1,0,0,0,0,51,0,0
601,601,1,1,2,1,1,2,1,1,1,2,29,0,0
602,602,1,0,1,1,0,1,0,0,0,0,30,0,0
603,603,1,1,2,1,1,2,1,1,1,6,18,0,0
604,604,1,1,2,1,1,2,1,1,1,5,1,0,0
605,605,1,0,1,1,0,1,0,0,0,0,5,0,0
606,606,1,0,1,1,0,1,0,0,0,0,18,0,0
607,607,1,0,1,1,0,1,0,0,0,0,19,0,0
608,608,1,1,2,1,1,2,1,1,1,4,48,0,0
609,609,1,1,2,1,1,2,1,1,1,3,46,0,0
610,610,1,0,1,1,0,1,0,0,0,0,42,0,0
611,611,1,3,4,1,3,4,1,1,1,6,34,0,0
612,612,1,0,1,1,0,1,0,0,0,0,27,0,0
613,613,1,0,1,1,0,1,0,0,0,0,25,0,0
614,614,1,1,2,1,1,2,1,1,1,1,0,0,0
615,615,1,0,1,1,0,1,0,0,0,0,0,0,0
616,616,1,0,1,1,0,1,0,0,0,0,10,0,0
617,617,1,0,1,1,0,1,0,0,0,0,20,0,0
618,618,1,0,1,1,0,1,0,0,0,0,54,0,0
619,619,1,0,1,1,0,1,0,0,0,0,2,0,0
620,620,1,1,2,1,1,2,1,1,1,4,9,0,0
621,621,1,1,2,1,1,2,1,1,1,4,19,0,0
622,622,1,3,4,1,3,4,1,1,1,9,23,0,0
623,623,1,0,1,1,0,1,0,0,0,0,16,0,0
624,624,1,0,1,1,0,1,0,0,0,0,23,0,0
625,625,1,2,3,1,2,3,1,1,1,4,19,0,0
626,626,1,0,1,1,0,1,0,0,0,0,19,0,0
627,627,1,0,1,1,0,1,0,0,0,0,43,0,0
628,628,1,0,1,1,0,1,0,0,0,0,12,0,0
629,629,1,0,1,1,0,1,0,0,0,0,34,0,0
630,630,1,0,1,1,0,1,0,0,0,0,45,0,0
631,631,1,1,2,1,1,2,1,1,1,5,56,0,0
632,632,1,0,1,1,0,1,0,0,0,0,12,0,0
633,633,1,0,1,1,0,1,0,0,0,0,1,0,0
634,634,1,0,1,1,0,1,0,0,0,0,53,0,0
635,635,1,3,4,1,3,4,2,0.8,0.875,8,28,0,0
636,636,1,0,1,1,0,1,0,0,0,0,52,0,0
637,637,1,1,2,1,1,2,1,1,1,3,2,0,0
638,638,1,0,1,1,0,1,0,0,0,0,52,0,0
639,639,1,0,1,1,0,1,0,0,0,0,42,0,0
640,640,1,1,2,1,1,2,1,1,1,2,17,0,0
641,641,1,0,1,1,0,1,0,0,0,0,35,0,0
642,642,1,1,2,1,1,2,1,1,1,1,0,0,0
643,643,1,0,1,1,0,1,0,0,0,0,10,0,0
644,644,1,0,1,1,0,1,0,0,0,0,10,0,0
645,645,1,1,2,1,1,2,1,1,1,5,18,0,0
646,646,1,0,1,1,0,1,0,0,0,0,53,0,0
647,647,1,0,1,1,0,1,0,0,0,0,2,0,0
648,648,1,0,1,1,0,1,0,0,0,0,52,0,0
649,649,1,0,1,1,0,1,0,0,0,0,40,0,0
650,650,1,0,1,1,0,1,0,0,0,0,37,0,0
651,651,1,1,2,1,1,2,1,1,1,4,16,0,0
652,652,1,0,1,1,0,1,0,0,0,0,45,0,0
653,653,1,0,1,1,0,1,0,0,0,0,55,0,0
654,654,1,0,1,1,0,1,0,0,0,0,56,0,0
655,655,1,2,3,1,2,3,1,1,1,8,55,0,0
656,656,1,0,1,1,0,1,0,0,0,0,37,0,0
657,657,1,0,1,1,0,1,0,0,0,0,48,0,0
658,658,1,0,1,1,0,1,0,0,0,0,42,0,0
659,659,1,1,2,1,1,2,1,1,1,7,14,0,0
660,660,1,0,1,1,0,1,0,0,0,0,17,0,0
661,661,1,0,1,1,0,1,0,0,0,0,52,0,0
662,662,1,0,1,1,0,1,0,0,0,0,20,0,0
663,663,1,0,1,1,0,1,0,0,0,0,42,0,0
664,664,1,1,2,1,1,2,1,1,1,4,13,0,0
665,665,1,0,1,1,0,1,0,0,0,0,55,0,0
666,666,1,1,2,1,1,2,1,1,1,4,42,0,0
667,667,1,1,2,1,1,2,1,1,1,4,2,0,0
668,668,1,0,1,1,0,1,0,0,0,0,48,0,0
669,669,1,0,1,1,0,1,0,0,0,0,0,0,0
670,670,1,0,1,1,0,1,0,0,0,0,37,0,0
671,671,1,1,2,1,1,2,2,0.666667,0.75,10,39,0,0
672,672,1,2,3,1,2,3,2,0.625,0.7,15,1,0,0
673,673,1,1,2,1,1,2,1,1,1,3,3,0,0
674,674,1,0,1,1,0,1,0,0,0,0,39,0,0
675,675,1,0,1,1,0,1,0,0,0,0,53,0,0
676,676,1,0,1,1,0,1,0,0,0,0,0,0,0
677,677,1,0,1,1,0,1,0,0,0,0,34,0,0
678,678,1,1,2,1,1,2,1,1,1,5,18,0,0
679,679,1,1,2,1,1,2,1,1,1,4,16,0,0
680,680,1,0,1,1,0,1,0,0,0,0,1,0,0
681,681,1,0,1,1,0,1,0,0,0,0,19,0,0
682,682,1,1,2,1,1,2,1,1,1,1,0,0,0
683,683,1,0,1,1,0,1,0,0,0,0,5,0,0
684,684,1,1,2,1,1,2,2,0.666667,0.75,8,48,0,0
685,685,1,0,1,1,0,1,0,0,0,0,40,0,0
686,686,1,1,2,1,1,2,1,1,1,5,48,0,0
687,687,1,0,1,1,0,1,0,0,0,0,41,0,0
688,688,1,0,1,1,0,1,0,0,0,0,0,0,0
689,689,1,0,1,1,0,1,0,0,0,0,23,0,0
690,690,1,0,1,1,0,1,0,0,0,0,14,0,0
691,691,1,1,2,1,1,2,1,1,1,3,48,0,0
692,692,1,0,1,1,0,1,0,0,0,0,0,0,0
693,693,1,0,1,1,0,1,0,0,0,0,18,0,0
694,694,1,0,1,1,0,1,0,0,0,0,1,0,0
695,695,1,0,1,1,0,1,0,0,0,0,43,0,0
696,696,1,0,1,1,0,1,0,0,0,0,42,0,0
697,697,1,0,1,1,0,1,0,0,0,0,42,0,0
698,698,1,1,2,1,1,2,1,1,1,4,56,0,0
699,699,1,0,1,1,0,1,0,0,0,0,48,0,0
700,700,1,0,1,1,0,1,0,0,0,0,2,0,0
701,701,1,0,1,1,0,1,0,0,0,0,0,0,0
702,702,1,1,2,1,1,2,1,1,1,2,0,0,0
703,703,1,1,2,1,1,2,1,1,1,3,5,0,0
704,704,1,1,2,1,1,2,2,0.6,0.666667,3,0,0,0
705,705,1,0,1,1,0,1,0,0,0,0,55,0,0
706,706,1,0,1,1,0,1,0,0,0,0,14,0,0
707,707,1,1,2,1,1,2,1,1,1,2,15,0,0
708,708,1,0,1,1,0,1,0,0,0,0,53,0,0
709,709,1,0,1,1,0,1,0,0,0,0,0,0,0
710,710,1,0,1,1,0,1,0,0,0,0,16,0,0
711,711,1,1,2,1,1,2,1,1,1,4,43,0,0
712,712,1,0,1,1,0,1,0,0,0,0,55,0,0
713,713,1,0,1,1,0,1,0,0,0,0,16,0,0
714,714,1,1,2,1,1,2,1,1,1,4,17,0,0
715,715,1,2,3,1,2,3,1,1,1,6,48,0,0
716,716,1,0,1,1,0,1,0,0,0,0,2,0,0
717,717,1,0,1,1,0,1,0,0,0,0,31,0,0
718,718,1,2,3,1,2,3,2,0.75,0.833333,9,25,0,0
719,719,1,0,1,1,0,1,0,0,0,0,12,0,0
720,720,1,1,2,1,1,2,2,0.666667,0.75,8,18,0,0
721,721,1,0,1,1,0,1,0,0,0,0,25,0,0
722,722,1,0,1,1,0,1,0,0,0,0,19,0,0
723,723,1,0,1,1,0,1,0,0,0,0,12,0,0
724,724,1,1,2,1,1,2,1,1,1,2,41,0,0
725,725,1,1,2,1,1,2,3,0.5,0.611111,6,2,0,0
726,726,1,3,4,1,3,4,2,0.8,0.875,20,45,0,0
727,727,1,0,1,1,0,1,0,0,0,0,19,0,0
728,728,1,2,3,1,2,3,1,1,1,10,43,0,0
729,729,1,1,2,1,1,2,1,1,1,2,35,0,0
730,730,1,0,1,1,0,1,0,0,0,0,29,0,0
731,731,1,0,1,1,0,1,0,0,0,0,0,0,0
732,732,1,0,1,1,0,1,0,0,0,0,35,0,0
733,733,1,0,1,1,0,1,0,0,0,0,0,0,0
734,734,1,0,1,1,0,1,0,0,0,0,2,0,0
735,735,1,0,1,1,0,1,0,0,0,0,46,0,0
736,736,1,0,1,1,0,1,0,0,0,0,26,0,0
737,737,1,1,2,1,1,2,1,1,1,4,35,0,0
738,738,1,0,1,1,0,1,0,0,0,0,18,0,0
739,739,1,1,2,1,1,2,1,1,1,3,2,0,0
740,740,1,0,1,1,0,1,0,0,0,0,35,0,0
741,741,1,0,1,1,0,1,0,0,0,0,42,0,0
742,742,1,0,1,1,0,1,0,0,0,0,12,0,0
743,743,1,0,1,1,0,1,0,0,0,0,25,0,0
744,744,1,0,1,1,0,1,0,0,0,0,42,0,0
745,745,1,0,1,1,0,1,0,0,0,0,37,0,0
746,746,1,0,1,1,0,1,0,0,0,0,48,0,0
747,747,1,0,1,1,0,1,0,0,0,0,48,0,0
748,748,1,0,1,1,0,1,0,0,0,0,48,0,0
749,749,1,0,1,1,0,1,0,0,0,0,0,0,0
750,750,1,0,1,1,0,1,0,0,0,0,0,0,0
751,751,1,1,2,1,1,2,1,1,1,3,48,0,0
752,752,1,1,2,1,1,2,1,1,1,4,48,0,0
753,753,1,0,1,1,0,1,0,0,0,0,53,0,0
754,754,1,2,3,1,2,3,1,1,1,10,56,0,0
755,755,1,0,1,1,0,1,0,0,0,0,33,0,0
756,756,1,0,1,1,0,1,0,0,0,0,14,0,0
757,757,1,1,2,1,1,2,1,1,1,5,21,0,0
758,758,1,0,1,1,0,1,0,0,0,0,12,0,0
759,759,1,0,1,1,0,1,0,0,0,0,21,0,0
760,760,1,1,2,1,1,2,1,1,1,4,12,0,0
761,761,1,0,1,1,0,1,0,0,0,0,8,0,0
762,762,1,0,1,1,0,1,0,0,0,0,32,0,0
763,763,1,1,2,1,1,2,1,1,1,2,11,0,0
764,764,1,0,1,1,0,1,0,0,0,0,1,0,0
765,765,1,0,1,1,0,1,0,0,0,0,42,0,0
766,766,1,0,1,1,0,1,0,0,0,0,14,0,0
767,767,1,1,2,1,1,2,1,1,1,5,18,0,0
768,768,1,0,1,1,0,1,0,0,0,0,50,0,0
769,769,1,0,1,1,0,1,0,0,0,0,51,0,0
770,770,1,0,1,1,0,1,0,0,0,0,0,0,0
771,771,1,0,1,1,0,1,0,0,0,0,32,0,0
772,772,1,0,1,1,0,1,0,0,0,0,6,0,0
773,773,1,0,1,1,0,1,0,0,0,0,19,0,0
774,774,1,2,3,1,2,3,1,1,1,8,48,0,0
775,775,1,1,2,1,1,2,1,1,1,2,0,0,0
776,776,1,0,1,1,0,1,0,0,0,0,43,0,0
777,777,1,1,2,1,1,2,2,0.666667,0.75,2,0,0,0
778,778,1,3,4,1,3,4,2,0.8,0.875,8,49,0,0
779,779,1,0,1,1,0,1,0,0,0,0,22,0,0
780,780,1,1,2,1,1,2,1,1,1,4,18,0,0
781,781,1,0,1,1,0,1,0,0,0,0,19,0,0
782,782,1,0,1,1,0,1,0,0,0,0,5,0,0
783,783,1,1,2,1,1,2,1,1,1,5,14,0,0
784,784,1,1,2,1,1,2,1,1,1,4,1,0,0
785,785,1,0,1,1,0,1,0,0,0,0,17,0,0
786,786,1,0,1,1,0,1,0,0,0,0,31,0,0
787,787,1,0,1,1,0,1,0,0,0,0,23,0,0
788,788,1,0,1,1,0,1,0,0,0,0,0,0,0
789,789,1,1,2,1,1,2,1,1,1,3,55,0,0
790,790,1,0,1,1,0,1,0,0,0,0,55,0,0
791,791,1,0,1,1,0,1,0,0,0,0,1,0,0
792,792,1,0,1,1,0,1,0,0,0,0,12,0,0
793,793,1,0,1,1,0,1,0,0,0,0,3,0,0
794,794,1,0,1,1,0,1,0,0,0,0,19,0,0
795,795,1,0,1,1,0,1,0,0,0,0,5,0,0
796,796,1,1,2,1,1,2,1,1,1,3,28,0,0
797,797,1,0,1,1,0,1,0,0,0,0,50,0,0
798,798,1,0,1,1,0,1,0,0,0,0,17,0,0
799,799,1,0,1,1,0,1,0,0,0,0,5,0,0
800,800,1,0,1,1,0,1,0,0,0,0,32,0,0
801,801,1,1,2,1,1,2,1,1,1,4,42,0,0
802,802,1,0,1,1,0,1,0,0,0,0,5,0,0
803,803,1,0,1,1,0,1,0,0,0,0,2,0,0
804,804,1,0,1,1,0,1,0,0,0,0,1,0,0
805,805,1,1,2,1,1,2,1,1,1,2,0,0,0
806,806,1,0,1,1,0,1,0,0,0,0,35,0,0
807,807,1,0,1,1,0,1,0,0,0,0,5,0,0
808,808,1,0,1,1,0,1,0,0,0,0,35,0,0
809,809,1,0,1,1,0,1,0,0,0,0,0,0,0
810,810,1,0,1,1,0,1,0,0,0,0,0,0,0
811,811,1,0,1,1,0,1,0,0,0,0,18,0,0
812,812,1,1,2,1,1,2,1,1,1,2,12,0,0
813,813,1,0,1,1,0,1,0,0,0,0,0,0,0
814,814,1,2,3,1,2,3,1,1,1,2,0,0,0
815,815,1,1,2,1,1,2,1,1,1,5,21,0,0
816,816,1,1,2,1,1,2,1,1,1,3,12,0,0
817,817,1,0,1,1,0,1,0,0,0,0,21,0,0
818,818,1,0,1,1,0,1,0,0,0,0,2,0,0
819,819,1,0,1,1,0,1,0,0,0,0,41,0,0
820,820,1,0,1,1,0,1,0,0,0,0,20,0,0
821,821,1,1,2,1,1,2,1,1,1,4,5,0,0
822,822,1,0,1,1,0,1,0,0,0,0,32,0,0
823,823,1,0,1,1,0,1,0,0,0,0,27,0,0
824,824,1,0,1,1,0,1,0,0,0,0,21,0,0
825,825,1,0,1,1,0,1,0,0,0,0,12,0,0
826,826,1,0,1,1,0,1,0,0,0,0,0,0,0
827,827,1,0,1,1,0,1,0,0,0,0,53,0,0
828,828,1,0,1,1,0,1,0,0,0,0,0,0,0
829,829,1,0,1,1,0,1,0,0,0,0,5,0,0
830,830,1,0,1,1,0,1,0,0,0,0,37,0,0
831,831,1,2,3,1,2,3,1,1,1,8,22,0,0
832,832,1,0,1,1,0,1,0,0,0,0,23,0,0
833,833,1,0,1,1,0,1,0,0,0,0,21,0,0
834,834,1,0,1,1,0,1,0,0,0,0,1,0,0
835,835,1,0,1,1,0,1,0,0,0,0,0,0,0
836,836,1,0,1,1,0,1,0,0,0,0,12,0,0
837,837,1,0,1,1,0,1,0,0,0,0,8,0,0
838,838,1,2,3,1,2,3,2,0.75,0.833333,6,33,0,0
839,839,1,0,1,1,0,1,0,0,0,0,5,0,0
840,840,1,0,1,1,0,1,0,0,0,0,19,0,0
841,841,1,0,1,1,0,1,0,0,0,0,7,0,0
842,842,1,1,2,1,1,2,1,1,1,2,15,0,0
843,843,1,0,1,1,0,1,0,0,0,0,52,0,0
844,844,1,1,2,1,1,2,1,1,1,2,19,0,0
845,845,1,0,1,1,0,1,0,0,0,0,42,0,0
846,846,1,0,1,1,0,1,0,0,0,0,48,0,0
847,847,1,0,1,1,0,1,0,0,0,0,16,0,0
848,848,1,1,2,1,1,2,2,0.666667,0.75,8,37,0,0
849,849,1,1,2,1,1,2,1,1,1,6,39,0,0
850,850,1,0,1,1,0,1,0,0,0,0,1,0,0
851,851,1,0,1,1,0,1,0,0,0,0,12,0,0
852,852,1,0,1,1,0,1,0,0,0,0,3,0,0
853,853,1,0,1,1,0,1,0,0,0,0,2,0,0
854,854,1,1,2,1,1,2,1,1,1,1,0,0,0
855,855,1,0,1,1,0,1,0,0,0,0,45,0,0
856,856,1,0,1,1,0,1,0,0,0,0,0,0,0
857,857,1,0,1,1,0,1,0,0,0,0,12,0,0
858,858,1,0,1,1,0,1,0,0,0,0,10,0,0
859,859,1,0,1,1,0,1,0,0,0,0,16,0,0
860,860,1,1,2,1,1,2,1,1,1,2,0,0,0
861,861,1,0,1,1,0,1,0,0,0,0,48,0,0
862,862,1,0,1,1,0,1,0,0,0,0,10,0,0
863,863,1,0,1,1,0,1,0,0,0,0,48,0,0
864,864,1,0,1,1,0,1,0,0,0,0,32,0,0
865,865,1,0,1,1,0,1,0,0,0,0,35,0,0
866,866,1,0,1,1,0,1,0,0,0,0,11,0,0
867,867,1,1,2,1,1,2,2,0.666667,0.75,6,25,0,0
868,868,1,0,1,1,0,1,0,0,0,0,0,0,0
869,869,1,0,1,1,0,1,0,0,0,0,13,0,0
870,870,1,0,1,1,0,1,0,0,0,0,13,0,0
871,871,1,0,1,1,0,1,0,0,0,0,14,0,0
872,872,1,1,2,1,1,2,1,1,1,4,50,0,0
873,873,1,0,1,1,0,1,0,0,0,0,0,0,0
874,874,1,0,1,1,0,1,0,0,0,0,42,0,0
875,875,1,0,1,1,0,1,0,0,0,0,43,0,0
876,876,1,0,1,1,0,1,0,0,0,0,2,0,0
877,877,1,0,1,1,0,1,0,0,0,0,0,0,0
878,878,1,0,1,1,0,1,0,0,0,0,2,0,0
879,879,1,0,1,1,0,1,0,0,0,0,23,0,0
880,880,1,1,2,1,1,2,2,0.666667,0.75,10,56,0,0
881,881,1,0,1,1,0,1,0,0,0,0,56,0,0
882,882,1,0,1,1,0,1,0,0,0,0,39,0,0
883,883,1,0,1,1,0,1,0,0,0,0,18,0,0
884,884,1,0,1,1,0,1,0,0,0,0,42,0,0
885,885,1,0,1,1,0,1,0,0,0,0,35,0,0
886,886,1,0,1,1,0,1,0,0,0,0,24,0,0
887,887,1,1,2,1,1,2,1,1,1,1,0,0,0
888,888,1,0,1,1,0,1,0,0,0,0,1,0,0
889,889,1,0,1,1,0,1,0,0,0,0,28,0,0
890,890,1,0,1,1,0,1,0,0,0,0,39,0,0
891,891,1,0,1,1,0,1,0,0,0,0,48,0,0
892,892,1,1,2,1,1,2,1,1,1,4,45,0,0
893,893,1,1,2,1,1,2,1,1,1,5,37,0,0
894,894,1,2,3,1,2,3,1,1,1,4,16,0,0
895,895,1,1,2,1,1,2,1,1,1,6,45,0,0
896,896,1,0,1,1,0,1,0,0,0,0,25,0,0
897,897,1,0,1,1,0,1,0,0,0,0,48,0,0
898,898,1,0,1,1,0,1,0,0,0,0,49,0,0
899,899,1,1,2,1,1,2,1,1,1,1,0,0,0
900,900,1,0,1,1,0,1,0,0,0,0,52,0,0
901,901,1,0,1,1,0,1,0,0,0,0,19,0,0
902,902,1,0,1,1,0,1,0,0,0,0,26,0,0
903,903,1,0,1,1,0,1,0,0,0,0,19,0,0
904,904,1,0,1,1,0,1,0,0,0,0,35,0,0
905,905,1,1,2,1,1,2,1,1,1,4,22,0,0
906,906,1,0,1,1,0,1,0,0,0,0,40,0,0
907,907,1,0,1,1,0,1,0,0,0,0,48,0,0
908,908,1,0,1,1,0,1,0,0,0,0,2,0,0
909,909,1,0,1,1,0,1,0,0,0,0,44,0,0
910,910,1,1,2,1,1,2,1,1,1,4,56,0,0
911,911,1,1,2,1,1,2,2,0.666667,0.75,4,8,0,0
912,912,1,0,1,1,0,1,0,0,0,0,12,0,0
913,913,1,0,1,1,0,1,0,0,0,0,48,0,0
914,914,1,0,1,1,0,1,0,0,0,0,19,0,0
915,915,1,1,2,1,1,2,2,0.666667,0.75,4,37,0,0
916,916,1,0,1,1,0,1,0,0,0,0,12,0,0
917,917,1,0,1,1,0,1,0,0,0,0,27,0,0
918,918,1,0,1,1,0,1,0,0,0,0,14,0,0
919,919,1,0,1,1,0,1,0,0,0,0,16,0,0
920,920,1,1,2,1,1,2,1,1,1,2,17,0,0
921,921,1,1,2,1,1,2,1,1,1,5,40,0,0
922,922,1,1,2,1,1,2,1,1,1,2,36,0,0
923,923,1,0,1,1,0,1,0,0,0,0,42,0,0
924,924,1,0,1,1,0,1,0,0,0,0,2,0,0
925,925,1,1,2,1,1,2,1,1,1,3,49,0,0
926,926,1,1,2,1,1,2,1,1,1,3,42,0,0
927,927,1,0,1,1,0,1,0,0,0,0,48,0,0
928,928,1,1,2,1,1,2,1,1,1,5,45,0,0
929,929,1,0,1,1,0,1,0,0,0,0,28,0,0
930,930,1,1,2,1,1,2,1,1,1,5,25,0,0
931,931,1,1,2,1,1,2,1,1,1,2,34,0,0
932,932,1,0,1,1,0,1,0,0,0,0,2,0,0
933,933,1,0,1,1,0,1,0,0,0,0,0,0,0
934,934,1,0,1,1,0,1,0,0,0,0,54,0,0
935,935,1,1,2,1,1,2,1,1,1,6,56,0,0
936,936,1,2,3,1,2,3,2,0.666667,0.75,12,46,0,0
937,937,1,0,1,1,0,1,0,0,0,0,3,0,0
938,938,1,0,1,1,0,1,0,0,0,0,43,0,0
939,939,1,0,1,1,0,1,0,0,0,0,0,0,0
940,940,1,0,1,1,0,1,0,0,0,0,37,0,0
941,941,1,0,1,1,0,1,0,0,0,0,16,0,0
942,942,1,2,3,1,2,3,1,1,1,10,42,0,0
943,943,1,0,1,1,0,1,0,0,0,0,25,0,0
944,944,1,0,1,1,0,1,0,0,0,0,0,0,0
945,945,1,1,2,1,1,2,1,1,1,4,43,0,0
946,946,1,0,1,1,0,1,0,0,0,0,55,0,0
947,947,1,0,1,1,0,1,0,0,0,0,2,0,0
948,948,1,0,1,1,0,1,0,0,0,0,4,0,0
949,949,1,0,1,1,0,1,0,0,0,0,0,0,0
950,950,1,0,1,1,0,1,0,0,0,0,43,0,0
951,951,1,0,1,1,0,1,0,0,0,0,18,0,0
952,952,1,0,1,1,0,1,0,0,0,0,5,0,0
953,953,1,0,1,1,0,1,0,0,0,0,12,0,0
954,954,1,0,1,1,0,1,0,0,0,0,19,0,0
955,955,1,0,1,1,0,1,0,0,0,0,43,0,0
956,956,1,0,1,1,0,1,0,0,0,0,14,0,0
957,957,1,0,1,1,0,1,0,0,0,0,12,0,0
958,958,1,2,3,1,2,3,1,1,1,10,21,0,0
959,959,1,0,1,1,0,1,0,0,0,0,45,0,0
960,960,1,0,1,1,0,1,0,0,0,0,19,0,0
961,961,1,0,1,1,0,1,0,0,0,0,29,0,0
962,962,1,2,3,1,2,3,1,1,1,8,1,0,0
963,963,1,1,2,1,1,2,1,1,1,4,42,0,0
964,964,1,1,2,1,1,2,1,1,1,3,53,0,0
965,965,1,0,1,1,0,1,0,0,0,0,30,0,0
966,966,1,0,1,1,0,1,0,0,0,0,2,0,0
967,967,1,2,3,1,2,3,1,1,1,2,0,0,0
968,968,1,0,1,1,0,1,0,0,0,0,30,0,0
969,969,1,0,1,1,0,1,0,0,0,0,51,0,0
970,970,1,1,2,1,1,2,1,1,1,4,1,0,0
971,971,1,0,1,1,0,1,0,0,0,0,54,0,0
972,972,1,0,1,1,0,1,0,0,0,0,1,0,0
973,973,1,0,1,1,0,1,0,0,0,0,0,0,0
974,974,1,0,1,1,0,1,0,0,0,0,37,0,0
975,975,1,0,1,1,0,1,0,0,0,0,0,0,0
976,976,1,0,1,1,0,1,0,0,0,0,31,0,0
977,977,1,2,3,1,2,3,1,1,1,4,0,0,0
978,978,1,0,1,1,0,1,0,0,0,0,25,0,0
979,979,1,0,1,1,0,1,0,0,0,0,42,0,0
980,980,1,0,1,1,0,1,0,0,0,0,1,0,0
981,981,1,0,1,1,0,1,0,0,0,0,42,0,0
982,982,1,1,2,1,1,2,1,1,1,4,25,0,0
983,983,1,1,2,1,1,2,1,1,1,6,14,0,0
984,984,1,1,2,1,1,2,1,1,1,3,32,0,0
985,985,1,1,2,1,1,2,1,1,1,2,53,0,0
986,986,1,0,1,1,0,1,0,0,0,0,18,0,0
987,987,1,0,1,1,0,1,0,0,0,0,6,0,0
988,988,1,0,1,1,0,1,0,0,0,0,45,0,0
989,989,1,0,1,1,0,1,0,0,0,0,40,0,0
990,990,1,0,1,1,0,1,0,0,0,0,33,0,0
991,991,1,0,1,1,0,1,0,0,0,0,39,0,0
992,992,1,0,1,1,0,1,0,0,0,0,4,0,0
993,993,1,1,2,1,1,2,1,1,1,3,37,0,0
994,994,1,0,1,1,0,1,0,0,0,0,37,0,0
995,995,1,0,1,1,0,1,0,0,0,0,34,0,0
996,996,1,2,3,1,2,3,1,1,1,8,46,0,0
997,997,1,0,1,1,0,1,0,0,0,0,2,0,0
998,998,1,0,1,1,0,1,0,0,0,0,55,0,0
999,999,1,0,1,1,0,1,0,0,0,0,35,0,0
1000,1000,1,0,1,1,0,1,0,0,0,0,35,0,0
1001,1001,1,1,2,1,1,2,1,1,1,2,50,0,0
1002,1002,1,0,1,1,0,1,0,0,0,0,0,0,0
1003,1003,1,0,1,1,0,1,0,0,0,0,9,0,0
1004,1004,1,0,1,1,0,1,0,0,0,0,53,0,0
1005,1005,1,0,1,1,0,1,0,0,0,0,40,0,0
1006,1006,1,1,2,1,1,2,1,1,1,4,19,0,0
1007,1007,1,0,1,1,0,1,0,0,0,0,34,0,0
1008,1008,1,2,3,1,2,3,2,0.75,0.833333,12,52,0,0
1009,1009,1,0,1,1,0,1,0,0,0,0,18,0,0
1010,1010,1,0,1,1,0,1,0,0,0,0,19,0,0
1011,1011,1,0,1,1,0,1,0,0,0,0,25,0,0
1012,1012,1,0,1,1,0,1,0,0,0,0,19,0,0
1013,1013,1,0,1,1,0,1,0,0,0,0,48,0,0
1014,1014,1,1,2,1,1,2,1,1,1,5,18,0,0
1015,1015,1,0,1,1,0,1,0,0,0,0,5,0,0
1016,1016,1,0,1,1,0,1,0,0,0,0,39,0,0
1017,1017,1,0,1,1,0,1,0,0,0,0,0,0,0
1018,1018,1,0,1,1,0,1,0,0,0,0,47,0,0
1019,1019,1,0,1,1,0,1,0,0,0,0,32,0,0
1020,1020,1,1,2,1,1,2,1,1,1,4,22,0,0
1021,1021,1,0,1,1,0,1,0,0,0,0,48,0,0
1022,1022,1,0,1,1,0,1,0,0,0,0,1,0,0
1023,1023,1,0,1,1,0,1,0,0,0,0,1,0,0
1024,1024,1,0,1,1,0,1,0,0,0,0,55,0,0
1025,1025,1,0,1,1,0,1,0,0,0,0,5,0,0
1026,1026,1,0,1,1,0,1,0,0,0,0,19,0,0
1027,1027,1,1,2,1,1,2,1,1,1,4,2,0,0
1028,1028,1,0,1,1,0,1,0,0,0,0,42,0,0
1029,1029,1,0,1,1,0,1,0,0,0,0,53,0,0
1030,1030,1,1,2,1,1,2,1,1,1,5,35,0,0
1031,1031,1,0,1,1,0,1,0,0,0,0,34,0,0
1032,1032,1,0,1,1,0,1,0,0,0,0,25,0,0
1033,1033,1,1,2,1,1,2,1,1,1,2,3,0,0
1034,1034,1,0,1,1,0,1,0,0,0,0,22,0,0
1035,1035,1,0,1,1,0,1,0,0,0,0,45,0,0
1036,1036,1,1,2,1,1,2,1,1,1,3,8,0,0
1037,1037,1,0,1,1,0,1,0,0,0,0,0,0,0
1038,1038,1,1,2,1,1,2,1,1,1,1,0,0,0
1039,1039,1,0,1,1,0,1,0,0,0,0,37,0,0
1040,1040,1,1,2,1,1,2,1,1,1,3,1,0,0
1041,1041,1,0,1,1,0,1,0,0,0,0,35,0,0
1042,1042,1,0,1,1,0,1,0,0,0,0,48,0,0
1043,1043,1,0,1,1,0,1,0,0,0,0,0,0,0
1044,1044,1,0,1,1,0,1,0,0,0,0,48,0,0
1045,1045,1,1,2,1,1,2,1,1,1,4,55,0,0
1046,1046,1,1,2,1,1,2,1,1,1,4,14,0,0
1047,1047,1,0,1,1,0,1,0,0,0,0,1,0,0
1048,1048,1,0,1,1,0,1,0,0,0,0,43,0,0
1049,1049,1,0,1,1,0,1,0,0,0,0,5,0,0
1050,1050,1,0,1,1,0,1,0,0,0,0,18,0,0
1051,1051,1,0,1,1,0,1,0,0,0,0,1,0,0
1052,1052,1,0,1,1,0,1,0,0,0,0,11,0,0
1053,1053,1,0,1,1,0,1,0,0,0,0,45,0,0
1054,1054,1,0,1,1,0,1,0,0,0,0,0,0,0
1055,1055,1,0,1,1,0,1,0,0,0,0,0,0,0
1056,1056,1,1,2,1,1,2,1,1,1,5,51,0,0
1057,1057,1,0,1,1,0,1,0,0,0,0,6,0,0
1058,1058,1,0,1,1,0,1,0,0,0,0,48,0,0
1059,1059,1,0,1,1,0,1,0,0,0,0,0,0,0
1060,1060,1,0,1,1,0,1,0,0,0,0,36,0,0
1061,1061,1,0,1,1,0,1,0,0,0,0,19,0,0
1062,1062,1,0,1,1,0,1,0,0,0,0,25,0,0
1063,1063,1,1,2,1,1,2,2,0.666667,0.75,6,2,0,0
1064,1064,1,0,1,1,0,1,0,0,0,0,0,0,0
1065,1065,1,0,1,1,0,1,0,0,0,0,2,0,0
1066,1066,1,0,1,1,0,1,0,0,0,0,0,0,0
1067,1067,1,0,1,1,0,1,0,0,0,0,37,0,0
1068,1068,1,0,1,1,0,1,0,0,0,0,37,0,0
1069,1069,1,0,1,1,0,1,0,0,0,0,37,0,0
1070,1070,1,0,1,1,0,1,0,0,0,0,12,0,0
1071,1071,1,1,2,1,1,2,1,1,1,4,55,0,0
1072,1072,1,0,1,1,0,1,0,0,0,0,42,0,0
1073,1073,1,0,1,1,0,1,0,0,0,0,5,0,0
1074,1074,1,0,1,1,0,1,0,0,0,0,2,0,0
1075,1075,1,0,1,1,0,1,0,0,0,0,0,0,0
1076,1076,1,0,1,1,0,1,0,0,0,0,0,0,0
1077,1077,1,0,1,1,0,1,0,0,0,0,22,0,0
1078,1078,1,0,1,1,0,1,0,0,0,0,12,0,0
1079,1079,1,0,1,1,0,1,0,0,0,0,7,0,0
1080,1080,1,0,1,1,0,1,0,0,0,0,0,0,0
1081,1081,1,0,1,1,0,1,0,0,0,0,40,0,0
1082,1082,1,0,1,1,0,1,0,0,0,0,32,0,0
1083,1083,1,0,1,1,0,1,0,0,0,0,45,0,0
1084,1084,1,0,1,1,0,1,0,0,0,0,43,0,0
1085,1085,1,0,1,1,0,1,0,0,0,0,48,0,0
1086,1086,1,0,1,1,0,1,0,0,0,0,43,0,0
1087,1087,1,0,1,1,0,1,0,0,0,0,49,0,0
1088,1088,1,0,1,1,0,1,0,0,0,0,0,0,0
1089,1089,1,0,1,1,0,1,0,0,0,0,37,0,0
1090,1090,1,0,1,1,0,1,0,0,0,0,28,0,0
1091,1091,1,0,1,1,0,1,0,0,0,0,0,0,0
1092,1092,1,0,1,1,0,1,0,0,0,0,7,0,0
1093,1093,1,0,1,1,0,1,0,0,0,0,38,0,0
1094,1094,1,0,1,1,0,1,0,0,0,0,39,0,0
1095,1095,1,0,1,1,0,1,0,0,0,0,48,0,0
1096,1096,1,0,1,1,0,1,0,0,0,0,52,0,0
1097,1097,1,0,1,1,0,1,0,0,0,0,13,0,0
1098,1098,1,0,1,1,0,1,0,0,0,0,0,0,0
1099,1099,1,0,1,1,0,1,0,0,0,0,25,0,0
1100,1100,1,0,1,1,0,1,0,0,0,0,22,0,0
1101,1101,1,0,1,1,0,1,0,0,0,0,1,0,0
1102,1102,1,0,1,1,0,1,0,0,0,0,39,0,0
1103,1103,1,0,1,1,0,1,0,0,0,0,0,0,0
1104,1104,1,0,1,1,0,1,0,0,0,0,50,0,0
1105,1105,1,0,1,1,0,1,0,0,0,0,21,0,0
1106,1106,1,0,1,1,0,1,0,0,0,0,18,0,0
1107,1107,1,0,1,1,0,1,0,0,0,0,42,0,0
1108,1108,1,0,1,1,0,1,0,0,0,0,23,0,0
1109,1109,1,0,1,1,0,1,0,0,0,0,48,0,0
1110,1110,1,0,1,1,0,1,0,0,0,0,35,0,0
1111,1111,1,0,1,1,0,1,0,0,0,0,19,0,0
1112,1112,1,0,1,1,0,1,0,0,0,0,48,0,0
1113,1113,1,0,1,1,0,1,0,0,0,0,21,0,0
1114,1114,1,0,1,1,0,1,0,0,0,0,0,0,0
1115,1115,1,0,1,1,0,1,0,0,0,0,33,0,0
1116,1116,1,0,1,1,0,1,0,0,0,0,5,0,0
1117,1117,1,0,1,1,0,1,0,0,0,0,25,0,0
1118,1118,1,0,1,1,0,1,0,0,0,0,12,0,0
1119,1119,1,0,1,1,0,1,0,0,0,0,12,0,0
1120,1120,1,0,1,1,0,1,0,0,0,0,42,0,0
1121,1121,1,1,2,1,1,2,1,1,1,4,50,0,0
1122,1122,1,0,1,1,0,1,0,0,0,0,53,0,0
1123,1123,1,0,1,1,0,1,0,0,0,0,52,0,0
1124,1124,1,0,1,1,0,1,0,0,0,0,19,0,0
1125,1125,1,1,2,1,1,2,1,1,1,3,48,0,0
1126,1126,1,0,1,1,0,1,0,0,0,0,0,0,0
1127,1127,1,0,1,1,0,1,0,0,0,0,13,0,0
1128,1128,1,0,1,1,0,1,0,0,0,0,53,0,0
1129,1129,1,0,1,1,0,1,0,0,0,0,32,0,0
1130,1130,1,0,1,1,0,1,0,0,0,0,42,0,0
1131,1131,1,0,1,1,0,1,0,0,0,0,0,0,0
1132,1132,1,1,2,1,1,2,1,1,1,1,0,0,0
1133,1133,1,0,1,1,0,1,0,0,0,0,46,0,0
1134,1134,1,0,1,1,0,1,0,0,0,0,42,0,0
1135,1135,1,0,1,1,0,1,0,0,0,0,0,0,0
1136,1136,1,2,3,1,2,3,1,1,1,8,43,0,0
1137,1137,1,0,1,1,0,1,0,0,0,0,14,0,0
1138,1138,1,0,1,1,0,1,0,0,0,0,2,0,0
1139,1139,1,0,1,1,0,1,0,0,0,0,13,0,0
1140,1140,1,1,2,1,1,2,2,0.666667,0.75,2,0,0,0
1141,1141,1,0,1,1,0,1,0,0,0,0,52,0,0
1142,1142,1,0,1,1,0,1,0,0,0,0,5,0,0
1143,1143,1,0,1,1,0,1,0,0,0,0,42,0,0
1144,1144,1,0,1,1,0,1,0,0,0,0,14,0,0
1145,1145,1,0,1,1,0,1,0,0,0,0,48,0,0
1146,1146,1,0,1,1,0,1,0,0,0,0,48,0,0
1147,1147,1,0,1,1,0,1,0,0,0,0,55,0,0
1148,1148,1,1,2,1,1,2,1,1,1,3,1,0,0
1149,1149,1,0,1,1,0,1,0,0,0,0,0,0,0
1150,1150,1,0,1,1,0,1,0,0,0,0,55,0,0
1151,1151,1,0,1,1,0,1,0,0,0,0,0,0,0
1152,1152,1,0,1,1,0,1,0,0,0,0,14,0,0
1153,1153,1,0,1,1,0,1,0,0,0,0,19,0,0
1154,1154,1,0,1,1,0,1,0,0,0,0,19,0,0
1155,1155,1,0,1,1,0,1,0,0,0,0,40,0,0
1156,1156,1,1,2,1,1,2,1,1,1,2,41,0,0
1157,1157,1,0,1,1,0,1,0,0,0,0,23,0,0
1158,1158,1,0,1,1,0,1,0,0,0,0,46,0,0
1159,1159,1,0,1,1,0,1,0,0,0,0,2,0,0
1160,1160,1,0,1,1,0,1,0,0,0,0,45,0,0
1161,1161,1,0,1,1,0,1,0,0,0,0,23,0,0
1162,1162,1,0,1,1,0,1,0,0,0,0,1,0,0
1163,1163,1,0,1,1,0,1,0,0,0,0,32,0,0
1164,1164,1,0,1,1,0,1,0,0,0,0,55,0,0
1165,1165,1,0,1,1,0,1,0,0,0,0,51,0,0
1166,1166,1,0,1,1,0,1,0,0,0,0,6,0,0
1167,1167,1,0,1,1,0,1,0,0,0,0,48,0,0
1168,1168,1,0,1,1,0,1,0,0,0,0,48,0,0
1169,1169,1,0,1,1,0,1,0,0,0,0,14,0,0
1170,1170,1,0,1,1,0,1,0,0,0,0,38,0,0
1171,1171,1,0,1,1,0,1,0,0,0,0,42,0,0
1172,1172,1,1,2,1,1,2,1,1,1,2,0,0,0
1173,1173,1,0,1,1,0,1,0,0,0,0,32,0,0
1174,1174,1,0,1,1,0,1,0,0,0,0,11,0,0
1175,1175,1,1,2,1,1,2,1,1,1,3,41,0,0
1176,1176,1,0,1,1,0,1,0,0,0,0,56,0,0
1177,1177,1,0,1,1,0,1,0,0,0,0,52,0,0
1178,1178,1,0,1,1,0,1,0,0,0,0,19,0,0
1179,1179,1,0,1,1,0,1,0,0,0,0,46,0,0
1180,1180,1,0,1,1,0,1,0,0,0,0,2,0,0
1181,1181,1,0,1,1,0,1,0,0,0,0,55,0,0
1182,1182,1,0,1,1,0,1,0,0,0,0,43,0,0
1183,1183,1,0,1,1,0,1,0,0,0,0,21,0,0
1184,1184,1,0,1,1,0,1,0,0,0,0,43,0,0
1185,1185,1,0,1,1,0,1,0,0,0,0,50,0,0
1186,1186,1,1,2,1,1,2,1,1,1,1,0,0,0
1187,1187,1,0,1,1,0,1,0,0,0,0,42,0,0
1188,1188,1,0,1,1,0,1,0,0,0,0,42,0,0
1189,1189,1,1,2,1,1,2,1,1,1,3,44,0,0
1190,1190,1,0,1,1,0,1,0,0,0,0,32,0,0
1191,1191,1,0,1,1,0,1,0,0,0,0,16,0,0
1192,1192,1,0,1,1,0,1,0,0,0,0,19,0,0
1193,1193,1,0,1,1,0,1,0,0,0,0,1,0,0
1194,1194,1,0,1,1,0,1,0,0,0,0,44,0,0
1195,1195,1,0,1,1,0,1,0,0,0,0,18,0,0
1196,1196,1,1,2,1,1,2,1,1,1,5,5,0,0
1197,1197,1,0,1,1,0,1,0,0,0,0,42,0,0
1198,1198,1,0,1,1,0,1,0,0,0,0,45,0,0
1199,1199,1,0,1,1,0,1,0,0,0,0,42,0,0
1200,1200,1,0,1,1,0,1,0,0,0,0,48,0,0
1201,1201,1,0,1,1,0,1,0,0,0,0,56,0,0
1202,1202,1,0,1,1,0,1,0,0,0,0,50,0,0
1203,1203,1,0,1,1,0,1,0,0,0,0,19,0,0
1204,1204,1,0,1,1,0,1,0,0,0,0,32,0,0
1205,1205,1,0,1,1,0,1,0,0,0,0,51,0,0
1206,1206,1,0,1,1,0,1,0,0,0,0,19,0,0
1207,1207,1,0,1,1,0,1,0,0,0,0,45,0,0
1208,1208,1,0,1,1,0,1,0,0,0,0,0,0,0
1209,1209,1,0,1,1,0,1,0,0,0,0,21,0,0
1210,1210,1,0,1,1,0,1,0,0,0,0,0,0,0
1211,1211,1,1,2,1,1,2,1,1,1,2,2,0,0
1212,1212,1,1,2,1,1,2,1,1,1,3,33,0,0
1213,1213,1,0,1,1,0,1,0,0,0,0,8,0,0
1214,1214,1,0,1,1,0,1,0,0,0,0,0,0,0
1215,1215,1,0,1,1,0,1,0,0,0,0,41,0,0
1216,1216,1,0,1,1,0,1,0,0,0,0,52,0,0
1217,1217,1,1,2,1,1,2,1,1,1,4,25,0,0
1218,1218,1,0,1,1,0,1,0,0,0,0,30,0,0
1219,1219,1,0,1,1,0,1,0,0,0,0,2,0,0
1220,1220,1,0,1,1,0,1,0,0,0,0,43,0,0
1221,1221,1,0,1,1,0,1,0,0,0,0,10,0,0
1222,1222,1,0,1,1,0,1,0,0,0,0,26,0,0
1223,1223,1,0,1,1,0,1,0,0,0,0,14,0,0
1224,1224,1,1,2,1,1,2,1,1,1,4,37,0,0
1225,1225,1,0,1,1,0,1,0,0,0,0,0,0,0
1226,1226,1,0,1,1,0,1,0,0,0,0,0,0,0
1227,1227,1,0,1,1,0,1,0,0,0,0,13,0,0
1228,1228,1,0,1,1,0,1,0,0,0,0,52,0,0
1229,1229,1,0,1,1,0,1,0,0,0,0,50,0,0
1230,1230,1,0,1,1,0,1,0,0,0,0,1,0,0
1231,1231,1,0,1,1,0,1,0,0,0,0,0,0,0
1232,1232,1,0,1,1,0,1,0,0,0,0,1,0,0
1233,1233,1,0,1,1,0,1,0,0,0,0,55,0,0
1234,1234,1,0,1,1,0,1,0,0,0,0,30,0,0
1235,1235,1,0,1,1,0,1,0,0,0,0,51,0,0
1236,1236,1,0,1,1,0,1,0,0,0,0,19,0,0
1237,1237,1,0,1,1,0,1,0,0,0,0,41,0,0
1238,1238,1,0,1,1,0,1,0,0,0,0,1,0,0
1239,1239,1,0,1,1,0,1,0,0,0,0,5,0,0
1240,1240,1,0,1,1,0,1,0,0,0,0,35,0,0
1241,1241,1,0,1,1,0,1,0,0,0,0,56,0,0
1242,1242,1,0,1,1,0,1,0,0,0,0,45,0,0
1243,1243,1,0,1,1,0,1,0,0,0,0,12,0,0
1244,1244,1,0,1,1,0,1,0,0,0,0,46,0,0
1245,1245,1,0,1,1,0,1,0,0,0,0,47,0,0
1246,1246,1,0,1,1,0,1,0,0,0,0,55,0,0
1247,1247,1,0,1,1,0,1,0,0,0,0,1,0,0
1248,1248,1,0,1,1,0,1,0,0,0,0,1,0,0
1249,1249,1,0,1,1,0,1,0,0,0,0,50,0,0
1250,1250,1,0,1,1,0,1,0,0,0,0,5,0,0
1251,1251,1,0,1,1,0,1,0,0,0,0,13,0,0
1252,1252,1,0,1,1,0,1,0,0,0,0,22,0,0
1253,1253,1,0,1,1,0,1,0,0,0,0,3,0,0
1254,1254,1,0,1,1,0,1,0,0,0,0,32,0,0
1255,1255,1,0,1,1,0,1,0,0,0,0,5,0,0
1256,1256,1,0,1,1,0,1,0,0,0,0,0,0,0
1257,1257,1,0,1,1,0,1,0,0,0,0,43,0,0
1258,1258,1,2,3,1,2,3,1,1,1,4,54,0,0
1259,1259,1,0,1,1,0,1,0,0,0,0,14,0,0
1260,1260,1,0,1,1,0,1,0,0,0,0,0,0,0
1261,1261,1,0,1,1,0,1,0,0,0,0,39,0,0
1262,1262,1,0,1,1,0,1,0,0,0,0,14,0,0
1263,1263,1,0,1,1,0,1,0,0,0,0,1,0,0
1264,1264,1,0,1,1,0,1,0,0,0,0,19,0,0
1265,1265,1,0,1,1,0,1,0,0,0,0,19,0,0
1266,1266,1,1,2,1,1,2,1,1,1,5,45,0,0
1267,1267,1,0,1,1,0,1,0,0,0,0,0,0,0
1268,1268,1,0,1,1,0,1,0,0,0,0,45,0,0
1269,1269,1,0,1,1,0,1,0,0,0,0,1,0,0
1270,1270,1,0,1,1,0,1,0,0,0,0,48,0,0
1271,1271,1,0,1,1,0,1,0,0,0,0,1,0,0
1272,1272,1,0,1,1,0,1,0,0,0,0,48,0,0
1273,1273,1,0,1,1,0,1,0,0,0,0,42,0,0
1274,1274,1,0,1,1,0,1,0,0,0,0,17,0,0
1275,1275,1,0,1,1,0,1,0,0,0,0,5,0,0
1276,1276,1,2,3,1,2,3,1,1,1,8,26,0,0
1277,1277,1,0,1,1,0,1,0,0,0,0,49,0,0
1278,1278,1,0,1,1,0,1,0,0,0,0,10,0,0
1279,1279,1,0,1,1,0,1,0,0,0,0,17,0,0
1280,1280,1,0,1,1,0,1,0,0,0,0,0,0,0
1281,1281,1,0,1,1,0,1,0,0,0,0,43,0,0
1282,1282,1,0,1,1,0,1,0,0,0,0,1,0,0
1283,1283,1,0,1,1,0,1,0,0,0,0,21,0,0
1284,1284,1,1,2,1,1,2,1,1,1,4,2,0,0
1285,1285,1,0,1,1,0,1,0,0,0,0,48,0,0
1286,1286,1,0,1,1,0,1,0,0,0,0,42,0,0
1287,1287,1,0,1,1,0,1,0,0,0,0,0,0,0
1288,1288,1,1,2,1,1,2,1,1,1,2,0,0,0
1289,1289,1,0,1,1,0,1,0,0,0,0,0,0,0
1290,1290,1,0,1,1,0,1,0,0,0,0,0,0,0
1291,1291,1,0,1,1,0,1,0,0,0,0,50,0,0
1292,1292,1,0,1,1,0,1,0,0,0,0,0,0,0
1293,1293,1,0,1,1,0,1,0,0,0,0,19,0,0
1294,1294,1,0,1,1,0,1,0,0,0,0,48,0,0
1295,1295,1,0,1,1,0,1,0,0,0,0,51,0,0
1296,1296,1,0,1,1,0,1,0,0,0,0,44,0,0
1297,1297,1,0,1,1,0,1,0,0,0,0,22,0,0
1298,1298,1,1,2,1,1,2,1,1,1,5,52,0,0
1299,1299,1,0,1,1,0,1,0,0,0,0,16,0,0
1300,1300,1,0,1,1,0,1,0,0,0,0,31,0,0
1301,1301,1,0,1,1,0,1,0,0,0,0,0,0,0
1302,1302,1,0,1,1,0,1,0,0,0,0,0,0,0
1303,1303,1,0,1,1,0,1,0,0,0,0,37,0,0
1304,1304,1,0,1,1,0,1,0,0,0,0,0,0,0
1305,1305,1,0,1,1,0,1,0,0,0,0,2,0,0
1306,1306,1,0,1,1,0,1,0,0,0,0,0,0,0
1307,1307,1,0,1,1,0,1,0,0,0,0,30,0,0
1308,1308,1,1,2,1,1,2,2,0.6,0.666667,3,0,0,0
1309,1309,1,0,1,1,0,1,0,0,0,0,52,0,0
1310,1310,1,0,1,1,0,1,0,0,0,0,53,0,0
1311,1311,1,0,1,1,0,1,0,0,0,0,54,0,0
1312,1312,1,0,1,1,0,1,0,0,0,0,23,0,0
1313,1313,1,0,1,1,0,1,0,0,0,0,55,0,0
1314,1314,1,0,1,1,0,1,0,0,0,0,40,0,0
1315,1315,1,0,1,1,0,1,0,0,0,0,54,0,0
1316,1316,1,0,1,1,0,1,0,0,0,0,12,0,0
1317,1317,1,0,1,1,0,1,0,0,0,0,26,0,0
1318,1318,1,0,1,1,0,1,0,0,0,0,0,0,0
1319,1319,1,0,1,1,0,1,0,0,0,0,0,0,0
1320,1320,1,2,3,1,2,3,1,1,1,4,0,0,0
1321,1321,1,1,2,1,1,2,1,1,1,3,53,0,0
1322,1322,1,0,1,1,0,1,0,0,0,0,53,0,0
1323,1323,1,0,1,1,0,1,0,0,0,0,0,0,0
1324,1324,1,0,1,1,0,1,0,0,0,0,20,0,0
1325,1325,1,0,1,1,0,1,0,0,0,0,35,0,0
1326,1326,1,0,1,1,0,1,0,0,0,0,15,0,0
1327,1327,1,0,1,1,0,1,0,0,0,0,55,0,0
1328,1328,1,0,1,1,0,1,0,0,0,0,0,0,0
1329,1329,1,0,1,1,0,1,0,0,0,0,0,0,0
1330,1330,1,0,1,1,0,1,0,0,0,0,37,0,0
1331,1331,1,0,1,1,0,1,0,0,0,0,0,0,0
1332,1332,1,0,1,1,0,1,0,0,0,0,53,0,0
1333,1333,1,0,1,1,0,1,0,0,0,0,41,0,0
1334,1334,1,0,1,1,0,1,0,0,0,0,42,0,0
1335,1335,1,0,1,1,0,1,0,0,0,0,42,0,0
1336,1336,1,0,1,1,0,1,0,0,0,0,28,0,0
1337,1337,1,0,1,1,0,1,0,0,0,0,52,0,0
1338,1338,1,0,1,1,0,1,0,0,0,0,0,0,0
1339,1339,1,0,1,1,0,1,0,0,0,0,18,0,0
1340,1340,1,0,1,1,0,1,0,0,0,0,55,0,0
1341,1341,1,1,2,1,1,2,1,1,1,5,55,0,0
1342,1342,1,0,1,1,0,1,0,0,0,0,5,0,0
1343,1343,1,0,1,1,0,1,0,0,0,0,34,0,0
1344,1344,1,0,1,1,0,1,0,0,0,0,7,0,0
1345,1345,1,1,2,1,1,2,1,1,1,3,37,0,0
1346,1346,1,0,1,1,0,1,0,0,0,0,42,0,0
1347,1347,1,0,1,1,0,1,0,0,0,0,19,0,0
1348,1348,1,0,1,1,0,1,0,0,0,0,14,0,0
1349,1349,1,0,1,1,0,1,0,0,0,0,48,0,0
1350,1350,1,0,1,1,0,1,0,0,0,0,14,0,0
1351,1351,1,0,1,1,0,1,0,0,0,0,17,0,0
1352,1352,1,0,1,1,0,1,0,0,0,0,25,0,0
1353,1353,1,0,1,1,0,1,0,0,0,0,0,0,0
1354,1354,1,0,1,1,0,1,0,0,0,0,33,0,0
1355,1355,1,0,1,1,0,1,0,0,0,0,48,0,0
1356,1356,1,0,1,1,0,1,0,0,0,0,53,0,0
1357,1357,1,0,1,1,0,1,0,0,0,0,53,0,0
1358,1358,1,0,1,1,0,1,0,0,0,0,53,0,0
1359,1359,1,0,1,1,0,1,0,0,0,0,43,0,0
1360,1360,1,0,1,1,0,1,0,0,0,0,22,0,0
1361,1361,1,0,1,1,0,1,0,0,0,0,2,0,0
1362,1362,1,1,2,1,1,2,1,1,1,2,10,0,0
1363,1363,1,1,2,1,1,2,1,1,1,3,1,0,0
1364,1364,1,0,1,1,0,1,0,0,0,0,45,0,0
1365,1365,1,0,1,1,0,1,0,0,0,0,2,0,0
1366,1366,1,0,1,1,0,1,0,0,0,0,2,0,0
1367,1367,1,0,1,1,0,1,0,0,0,0,40,0,0
1368,1368,1,0,1,1,0,1,0,0,0,0,22,0,0
1369,1369,1,1,2,1,1,2,1,1,1,3,48,0,0
1370,1370,1,0,1,1,0,1,0,0,0,0,15,0,0
1371,1371,1,0,1,1,0,1,0,0,0,0,52,0,0
1372,1372,1,0,1,1,0,1,0,0,0,0,18,0,0
1373,1373,1,0,1,1,0,1,0,0,0,0,2,0,0
1374,1374,1,0,1,1,0,1,0,0,0,0,2,0,0
1375,1375,1,0,1,1,0,1,0,0,0,0,48,0,0
1376,1376,1,0,1,1,0,1,0,0,0,0,42,0,0
1377,1377,1,0,1,1,0,1,0,0,0,0,15,0,0
1378,1378,1,0,1,1,0,1,0,0,0,0,0,0,0
1379,1379,1,0,1,1,0,1,0,0,0,0,0,0,0
1380,1380,1,0,1,1,0,1,0,0,0,0,42,0,0
1381,1381,1,0,1,1,0,1,0,0,0,0,1,0,0
1382,1382,1,0,1,1,0,1,0,0,0,0,0,0,0
1383,1383,1,0,1,1,0,1,0,0,0,0,37,0,0
1384,1384,1,0,1,1,0,1,0,0,0,0,45,0,0
1385,1385,1,0,1,1,0,1,0,0,0,0,5,0,0
1386,1386,1,0,1,1,0,1,0,0,0,0,42,0,0
1387,1387,1,0,1,1,0,1,0,0,0,0,23,0,0
1388,1388,1,0,1,1,0,1,0,0,0,0,37,0,0
1389,1389,1,0,1,1,0,1,0,0,0,0,55,0,0
1390,1390,1,0,1,1,0,1,0,0,0,0,47,0,0
1391,1391,1,0,1,1,0,1,0,0,0,0,0,0,0
1392,1392,1,0,1,1,0,1,0,0,0,0,16,0,0
1393,1393,1,0,1,1,0,1,0,0,0,0,42,0,0
1394,1394,1,0,1,1,0,1,0,0,0,0,16,0,0
1395,1395,1,0,1,1,0,1,0,0,0,0,56,0,0
1396,1396,1,0,1,1,0,1,0,0,0,0,39,0,0
1397,1397,1,0,1,1,0,1,0,0,0,0,18,0,0
1398,1398,1,1,2,1,1,2,1,1,1,4,42,0,0
1399,1399,1,0,1,1,0,1,0,0,0,0,2,0,0
1400,1400,1,0,1,1,0,1,0,0,0,0,26,0,0
1401,1401,1,0,1,1,0,1,0,0,0,0,43,0,0
1402,1402,1,0,1,1,0,1,0,0,0,0,0,0,0
1403,1403,1,0,1,1,0,1,0,0,0,0,13,0,0
1404,1404,1,0,1,1,0,1,0,0,0,0,18,0,0
1405,1405,1,0,1,1,0,1,0,0,0,0,36,0,0
1406,1406,1,0,1,1,0,1,0,0,0,0,0,0,0
1407,1407,1,0,1,1,0,1,0,0,0,0,11,0,0
1408,1408,1,0,1,1,0,1,0,0,0,0,0,0,0
1409,1409,1,0,1,1,0,1,0,0,0,0,5,0,0
1410,1410,1,0,1,1,0,1,0,0,0,0,19,0,0
1411,1411,1,0,1,1,0,1,0,0,0,0,42,0,0
1412,1412,1,0,1,1,0,1,0,0,0,0,5,0,0
1413,1413,1,0,1,1,0,1,0,0,0,0,41,0,0
1414,1414,1,0,1,1,0,1,0,0,0,0,17,0,0
1415,1415,1,0,1,1,0,1,0,0,0,0,19,0,0
1416,1416,1,0,1,1,0,1,0,0,0,0,43,0,0
1417,1417,1,0,1,1,0,1,0,0,0,0,22,0,0
1418,1418,1,0,1,1,0,1,0,0,0,0,0,0,0
1419,1419,1,0,1,1,0,1,0,0,0,0,48,0,0
1420,1420,1,0,1,1,0,1,0,0,0,0,56,0,0
1421,1421,1,0,1,1,0,1,0,0,0,0,0,0,0
1422,1422,1,0,1,1,0,1,0,0,0,0,19,0,0
1423,1423,1,0,1,1,0,1,0,0,0,0,48,0,0
1424,1424,1,0,1,1,0,1,0,0,0,0,40,0,0
1425,1425,1,0,1,1,0,1,0,0,0,0,43,0,0
1426,1426,1,0,1,1,0,1,0,0,0,0,43,0,0
1427,1427,1,0,1,1,0,1,0,0,0,0,56,0,0
1428,1428,1,0,1,1,0,1,0,0,0,0,1,0,0
1429,1429,1,0,1,1,0,1,0,0,0,0,55,0,0
1430,1430,1,0,1,1,0,1,0,0,0,0,22,0,0
1431,1431,1,0,1,1,0,1,0,0,0,0,39,0,0
1432,1432,1,0,1,1,0,1,0,0,0,0,17,0,0
1433,1433,1,0,1,1,0,1,0,0,0,0,32,0,0
1434,1434,1,0,1,1,0,1,0,0,0,0,10,0,0
1435,1435,1,0,1,1,0,1,0,0,0,0,12,0,0
1436,1436,1,0,1,1,0,1,0,0,0,0,36,0,0
1437,1437,1,0,1,1,0,1,0,0,0,0,52,0,0
1438,1438,1,0,1,1,0,1,0,0,0,0,42,0,0
1439,1439,1,0,1,1,0,1,0,0,0,0,0,0,0
1440,1440,1,0,1,1,0,1,0,0,0,0,0,0,0
1441,1441,1,0,1,1,0,1,0,0,0,0,3,0,0
1442,1442,1,0,1,1,0,1,0,0,0,0,48,0,0
1443,1443,1,0,1,1,0,1,0,0,0,0,19,0,0
1444,1444,1,0,1,1,0,1,0,0,0,0,23,0,0
1445,1445,1,0,1,1,0,1,0,0,0,0,37,0,0
1446,1446,1,0,1,1,0,1,0,0,0,0,55,0,0
1447,1447,1,0,1,1,0,1,0,0,0,0,53,0,0
1448,1448,1,0,1,1,0,1,0,0,0,0,0,0,0
1449,1449,1,0,1,1,0,1,0,0,0,0,17,0,0
1450,1450,1,0,1,1,0,1,0,0,0,0,5,0,0
1451,1451,1,0,1,1,0,1,0,0,0,0,55,0,0
1452,1452,1,0,1,1,0,1,0,0,0,0,18,0,0
1453,1453,1,0,1,1,0,1,0,0,0,0,40,0,0
1454,1454,1,0,1,1,0,1,0,0,0,0,0,0,0
1455,1455,1,0,1,1,0,1,0,0,0,0,43,0,0
1456,1456,1,0,1,1,0,1,0,0,0,0,7,0,0
1457,1457,1,0,1,1,0,1,0,0,0,0,1,0,0
1458,1458,1,0,1,1,0,1,0,0,0,0,0,0,0
1459,1459,1,0,1,1,0,1,0,0,0,0,42,0,0
1460,1460,1,0,1,1,0,1,0,0,0,0,13,0,0
1461,1461,1,0,1,1,0,1,0,0,0,0,22,0,0
1462,1462,1,0,1,1,0,1,0,0,0,0,51,0,0
1463,1463,1,0,1,1,0,1,0,0,0,0,1,0,0
1464,1464,1,0,1,1,0,1,0,0,0,0,45,0,0
1465,1465,1,0,1,1,0,1,0,0,0,0,45,0,0
1466,1466,1,0,1,1,0,1,0,0,0,0,0,0,0
1467,1467,1,0,1,1,0,1,0,0,0,0,0,0,0
1468,1468,1,0,1,1,0,1,0,0,0,0,0,0,0
